0.0,-640.0,360.0
0.0,-4.0,17.0
0.0,-20.0,42.0
0.0,-18.0,48.0
0.0,-471.0,288.0
0.0,-193.0,-338.0
0.0,-372.0,72.0
0.0,-444.0,249.0
0.0,-270.0,-332.0
0.0,-490.0,158.0
0.0,-556.0,295.0
0.0,-236.0,-339.0
0.0,-226.0,-338.0
0.0,-438.0,257.0
0.0,-470.0,241.0
0.0,418.0,-127.0
0.0,366.0,-156.0
0.0,90.0,-163.0
0.0,10.0,-162.0
0.0,-153.0,-146.0
0.0,-348.0,-142.0
0.0,451.0,-129.0
0.0,307.0,-102.0
0.0,215.0,-123.0
0.0,146.0,-128.0
0.0,70.0,-144.0
0.0,-25.0,-140.0
0.0,-70.0,-147.0
0.0,510.0,-130.0
0.0,-282.0,191.0
0.0,402.0,-205.0
0.0,62.0,-110.0
0.0,22.0,-118.0
0.0,13.0,-107.0
0.0,-28.0,-116.0
0.0,-24.0,-102.0
0.0,-87.0,-156.0
0.0,236.0,-303.0
0.0,-145.0,-246.0
0.0,-27.0,-138.0
0.0,96.0,-67.0
0.0,211.0,-135.0
0.0,267.0,-158.0
0.0,324.0,-234.0
0.0,338.0,-247.0
0.0,198.0,-138.0
0.0,193.0,-162.0
0.0,-109.0,-148.0
0.0,-149.0,-180.0
0.0,-180.0,-203.0
0.0,-157.0,-205.0
0.0,149.0,-88.0
0.0,128.0,-76.0
0.0,268.0,-168.0
0.0,343.0,-203.0
0.0,313.0,-215.0
0.0,187.0,-138.0
0.0,-62.0,-167.0
0.0,-72.0,-167.0
0.0,155.0,-140.0
0.0,-172.0,-175.0
0.0,48.0,-24.0
0.0,66.0,-54.0
0.0,104.0,-70.0
0.0,40.0,-94.0
0.0,43.0,-108.0
0.0,55.0,-105.0
0.0,65.0,-109.0
0.0,147.0,-64.0
0.0,181.0,-69.0
0.0,547.0,-250.0
0.0,173.0,-38.0
0.0,183.0,-119.0
0.0,179.0,-95.0
0.0,45.0,-97.0
0.0,96.0,-125.0
0.0,147.0,-164.0
0.0,143.0,-172.0
0.0,155.0,-161.0
0.0,67.0,-147.0
0.0,44.0,-134.0
0.0,222.0,-214.0
0.0,-122.0,-130.0
0.0,-136.0,-139.0
0.0,-132.0,-138.0
0.0,11.0,-58.0
0.0,-61.0,-132.0
0.0,-104.0,-193.0
0.0,-43.0,-115.0
0.0,81.0,-46.0
0.0,118.0,-60.0
0.0,170.0,-72.0
0.0,193.0,-77.0
0.0,215.0,-75.0
0.0,265.0,-103.0
0.0,347.0,-143.0
0.0,8.0,-139.0
0.0,300.0,-119.0
0.0,225.0,-91.0
0.0,141.0,-53.0
0.0,101.0,-68.0
0.0,193.0,-139.0
0.0,173.0,-138.0
0.0,-17.0,-100.0
0.0,-49.0,-111.0
0.0,-79.0,-121.0
0.0,-102.0,-128.0
0.0,-136.0,-153.0
0.0,-191.0,-210.0
0.0,-289.0,-260.0
0.0,-149.0,-156.0
0.0,79.0,-107.0
0.0,38.0,-57.0
0.0,-85.0,-131.0
0.0,129.0,-81.0
0.0,150.0,-83.0
0.0,168.0,-71.0
0.0,187.0,-73.0
0.0,75.0,-137.0
0.0,-34.0,-176.0
0.0,433.0,-108.0
0.0,380.0,-98.0
0.0,123.0,-85.0
0.0,245.0,-148.0
0.0,204.0,-159.0
0.0,151.0,-167.0
0.0,91.0,-166.0
0.0,-59.0,-123.0
0.0,-82.0,-125.0
0.0,487.0,-87.0
0.0,483.0,-90.0
0.0,487.0,-102.0
0.0,390.0,-131.0
0.0,385.0,-135.0
0.0,402.0,-166.0
0.0,274.0,-137.0
0.0,212.0,-107.0
0.0,195.0,-87.0
0.0,182.0,-81.0
0.0,175.0,-66.0
0.0,-144.0,-245.0
0.0,-3.0,-75.0
0.0,-12.0,-78.0
0.0,245.0,-116.0
0.0,-75.0,-72.0
0.0,18.0,-65.0
0.0,95.0,-61.0
0.0,124.0,-91.0
0.0,36.0,-52.0
0.0,259.0,-237.0
0.0,247.0,-238.0
0.0,229.0,-240.0
0.0,224.0,-251.0
0.0,212.0,-257.0
0.0,203.0,-253.0
0.0,-251.0,-204.0
0.0,70.0,-60.0
0.0,-247.0,-220.0
0.0,82.0,-75.0
0.0,85.0,-90.0
0.0,131.0,-83.0
0.0,189.0,-122.0
0.0,233.0,-153.0
0.0,272.0,-172.0
0.0,326.0,-242.0
0.0,-8.0,-151.0
0.0,265.0,-167.0
0.0,235.0,-145.0
0.0,145.0,-95.0
0.0,114.0,-104.0
0.0,118.0,-152.0
0.0,-25.0,-81.0
0.0,73.0,-161.0
0.0,-89.0,-112.0
0.0,-136.0,-158.0
0.0,207.0,-248.0
0.0,207.0,-259.0
0.0,209.0,-267.0
0.0,-6.0,-60.0
0.0,26.0,-61.0
0.0,47.0,-59.0
0.0,59.0,-88.0
0.0,156.0,-119.0
0.0,171.0,-113.0
0.0,184.0,-104.0
0.0,203.0,-112.0
0.0,228.0,-126.0
0.0,291.0,-178.0
0.0,292.0,-175.0
0.0,268.0,-153.0
0.0,206.0,-143.0
0.0,183.0,-100.0
0.0,141.0,-103.0
0.0,49.0,-84.0
0.0,17.0,-91.0
0.0,-24.0,-100.0
0.0,-51.0,-107.0
0.0,20.0,-185.0
0.0,-150.0,-175.0
0.0,223.0,-260.0
0.0,-318.0,-267.0
0.0,139.0,-171.0
0.0,139.0,-159.0
0.0,147.0,-154.0
0.0,66.0,-80.0
0.0,-313.0,-245.0
0.0,-122.0,-183.0
0.0,166.0,-107.0
0.0,148.0,-101.0
0.0,28.0,-161.0
0.0,-170.0,-233.0
0.0,-150.0,-229.0
0.0,-127.0,-232.0
0.0,309.0,-196.0
0.0,196.0,-151.0
0.0,99.0,-122.0
0.0,61.0,-87.0
0.0,8.0,-62.0
0.0,25.0,-50.0
0.0,110.0,-112.0
0.0,162.0,-130.0
0.0,189.0,-131.0
0.0,191.0,-122.0
0.0,200.0,-94.0
0.0,223.0,-97.0
0.0,203.0,-98.0
0.0,259.0,-114.0
0.0,352.0,-125.0
0.0,302.0,-106.0
0.0,302.0,-96.0
0.0,316.0,-94.0
0.0,355.0,-98.0
0.0,386.0,-121.0
0.0,371.0,-97.0
0.0,386.0,-104.0
0.0,394.0,-114.0
0.0,332.0,-94.0
0.0,461.0,-127.0
0.0,267.0,-125.0
0.0,158.0,-158.0
0.0,502.0,-77.0
0.0,437.0,-164.0
0.0,465.0,-163.0
0.0,487.0,-164.0
0.0,-256.0,-213.0
0.0,122.0,-123.0
0.0,100.0,-104.0
0.0,80.0,-104.0
0.0,73.0,-150.0
0.0,105.0,-156.0
0.0,89.0,-179.0
0.0,92.0,-199.0
0.0,280.0,-175.0
0.0,257.0,-157.0
0.0,151.0,-164.0
0.0,123.0,-80.0
0.0,163.0,-88.0
0.0,106.0,-146.0
0.0,81.0,-158.0
0.0,43.0,-152.0
0.0,-95.0,-160.0
0.0,-185.0,-230.0
0.0,-199.0,-234.0
0.0,148.0,-146.0
0.0,-17.0,-153.0
0.0,118.0,-102.0
0.0,168.0,-128.0
0.0,74.0,-150.0
0.0,214.0,-156.0
0.0,125.0,-175.0
0.0,289.0,-245.0
0.0,329.0,-266.0
0.0,231.0,-146.0
0.0,123.0,-122.0
0.0,127.0,-86.0
0.0,92.0,-113.0
0.0,96.0,-149.0
0.0,75.0,-145.0
0.0,51.0,-176.0
0.0,202.0,-245.0
0.0,185.0,-245.0
0.0,-159.0,-182.0
0.0,81.0,-81.0
0.0,127.0,-117.0
0.0,76.0,-125.0
0.0,70.0,-138.0
0.0,84.0,-135.0
0.0,83.0,-137.0
0.0,184.0,-113.0
0.0,116.0,-152.0
0.0,240.0,-145.0
0.0,119.0,-144.0
0.0,121.0,-150.0
0.0,124.0,-163.0
0.0,104.0,-191.0
0.0,109.0,-213.0
0.0,108.0,-213.0
0.0,67.0,-220.0
0.0,142.0,-196.0
0.0,186.0,-169.0
0.0,-496.0,-249.0
0.0,-506.0,-231.0
0.0,-489.0,-239.0
0.0,118.0,-122.0
0.0,-487.0,-253.0
0.0,-501.0,-260.0
0.0,-446.0,-270.0
0.0,-497.0,-314.0
0.0,-479.0,-250.0
0.0,-450.0,-261.0
0.0,-467.0,-252.0
0.0,-449.0,-258.0
0.0,-440.0,-268.0
0.0,-445.0,-253.0
0.0,-40.0,-345.0
0.0,-395.0,-221.0
0.0,-34.0,-339.0
0.0,-29.0,-311.0
0.0,99.0,-210.0
0.0,175.0,-147.0
0.0,-42.0,-284.0
0.0,-45.0,-273.0
0.0,-40.0,-264.0
0.0,-37.0,-226.0
0.0,-52.0,-144.0
0.0,-42.0,-88.0
0.0,-29.0,-75.0
0.0,-18.0,-62.0
0.0,-12.0,-52.0
0.0,-37.0,11.0
0.0,-62.0,-57.0
0.0,-62.0,-51.0
0.0,-82.0,-55.0
0.0,-102.0,-64.0
0.0,-117.0,-74.0
0.0,-132.0,-84.0
0.0,-145.0,-88.0
0.0,-158.0,-91.0
0.0,-171.0,-98.0
0.0,-160.0,-119.0
0.0,-169.0,-129.0
0.0,-177.0,-132.0
0.0,-195.0,-128.0
0.0,-410.0,-251.0
0.0,-234.0,3.0
0.0,-72.0,-208.0
0.0,-25.0,-203.0
0.0,-10.0,-203.0
0.0,-8.0,-203.0
0.0,-86.0,-106.0
0.0,-76.0,-96.0
0.0,224.0,-168.0
0.0,148.0,-178.0
0.0,213.0,-155.0
0.0,222.0,-154.0
0.0,211.0,-154.0
0.0,151.0,-182.0
0.0,50.0,-154.0
0.0,59.0,-139.0
0.0,140.0,-178.0
0.0,35.0,-166.0
0.0,216.0,-202.0
0.0,10.0,-156.0
0.0,-8.0,-156.0
0.0,-55.0,-160.0
0.0,-54.0,-149.0
0.0,-58.0,-181.0
0.0,-41.0,-163.0
0.0,55.0,-150.0
0.0,46.0,-147.0
0.0,33.0,-146.0
0.0,28.0,-148.0
0.0,-4.0,-152.0
0.0,-4.0,-160.0
0.0,5.0,-150.0
0.0,-7.0,-149.0
0.0,-41.0,-152.0
0.0,-61.0,-160.0
0.0,-35.0,-142.0
0.0,-45.0,-141.0
0.0,-61.0,-143.0
0.0,305.0,-290.0
0.0,288.0,-292.0
0.0,271.0,-296.0
0.0,-446.0,-102.0
0.0,-472.0,-110.0
0.0,-74.0,-158.0
0.0,-74.0,-160.0
0.0,-474.0,-215.0
0.0,-488.0,-236.0
0.0,-469.0,-212.0
0.0,-491.0,-245.0
0.0,-599.0,64.0
0.0,289.0,-306.0
0.0,-104.0,-164.0
0.0,-48.0,-196.0
0.0,-39.0,-199.0
0.0,-54.0,-165.0
0.0,-169.0,-138.0
0.0,-140.0,-124.0
0.0,390.0,-285.0
0.0,11.0,-158.0
0.0,18.0,-158.0
0.0,27.0,-158.0
0.0,1.0,-152.0
0.0,-15.0,-155.0
0.0,-11.0,-155.0
0.0,62.0,-159.0
0.0,70.0,-159.0
0.0,78.0,-158.0
0.0,86.0,-149.0
0.0,93.0,-160.0
0.0,72.0,-163.0
0.0,79.0,-161.0
0.0,111.0,-160.0
0.0,118.0,-160.0
0.0,122.0,-163.0
0.0,119.0,-193.0
0.0,125.0,-189.0
0.0,103.0,-168.0
0.0,151.0,-164.0
0.0,157.0,-166.0
0.0,138.0,-163.0
0.0,172.0,-162.0
0.0,138.0,-165.0
0.0,118.0,-167.0
0.0,127.0,-165.0
0.0,128.0,-162.0
0.0,147.0,-166.0
0.0,180.0,-160.0
0.0,180.0,-159.0
0.0,188.0,-162.0
0.0,211.0,-163.0
0.0,221.0,-160.0
0.0,228.0,-163.0
0.0,234.0,-163.0
0.0,232.0,-167.0
0.0,249.0,-164.0
0.0,140.0,-152.0
0.0,158.0,-147.0
0.0,201.0,-135.0
0.0,254.0,-161.0
0.0,264.0,-154.0
0.0,271.0,-154.0
0.0,281.0,-153.0
0.0,293.0,-159.0
0.0,324.0,-154.0
0.0,330.0,-150.0
0.0,343.0,-146.0
0.0,362.0,-154.0
0.0,359.0,-150.0
0.0,374.0,-154.0
0.0,382.0,-154.0
0.0,389.0,-155.0
0.0,394.0,-154.0
0.0,398.0,-149.0
0.0,369.0,-196.0
0.0,418.0,-207.0
0.0,459.0,-150.0
0.0,435.0,-204.0
0.0,441.0,-203.0
0.0,448.0,-203.0
0.0,465.0,-209.0
0.0,472.0,-209.0
0.0,471.0,-207.0
0.0,475.0,-204.0
0.0,481.0,-204.0
0.0,486.0,-203.0
0.0,502.0,-206.0
0.0,-103.0,-274.0
0.0,497.0,-198.0
0.0,502.0,-195.0
0.0,493.0,-152.0
0.0,495.0,-149.0
0.0,501.0,-140.0
0.0,160.0,-232.0
0.0,147.0,-228.0
0.0,58.0,-58.0
0.0,43.0,-71.0
0.0,48.0,-93.0
0.0,414.0,-195.0
0.0,410.0,-164.0
0.0,397.0,-170.0
0.0,418.0,-165.0
0.0,386.0,-166.0
0.0,355.0,-168.0
0.0,348.0,-163.0
0.0,353.0,-162.0
0.0,389.0,-138.0
0.0,364.0,-144.0
0.0,354.0,-144.0
0.0,346.0,-152.0
0.0,331.0,-153.0
0.0,315.0,-150.0
0.0,284.0,-151.0
0.0,129.0,-170.0
0.0,115.0,-171.0
0.0,136.0,-182.0
0.0,113.0,-188.0
0.0,92.0,-190.0
0.0,78.0,-195.0
0.0,176.0,-156.0
0.0,-192.0,-99.0
0.0,-189.0,-111.0
0.0,-210.0,-114.0
0.0,-268.0,-48.0
0.0,-262.0,-90.0
0.0,-280.0,-74.0
0.0,-199.0,-209.0
0.0,-179.0,-227.0
0.0,-156.0,-234.0
0.0,-180.0,-159.0
0.0,-162.0,-246.0
0.0,-159.0,-255.0
0.0,-160.0,-272.0
0.0,-125.0,-252.0
0.0,-167.0,-293.0
0.0,73.0,-162.0
0.0,-12.0,-202.0
0.0,35.0,-205.0
0.0,47.0,-203.0
0.0,30.0,-186.0
0.0,38.0,-169.0
0.0,10.0,-160.0
0.0,-51.0,-127.0
0.0,-58.0,-113.0
0.0,121.0,-247.0
0.0,137.0,-238.0
0.0,17.0,-195.0
0.0,-1.0,-162.0
0.0,64.0,-176.0
0.0,-29.0,-139.0
0.0,65.0,-94.0
0.0,26.0,5.0
0.0,86.0,-95.0
0.0,99.0,-112.0
0.0,104.0,-117.0
0.0,-524.0,-147.0
0.0,-541.0,-156.0
0.0,-544.0,-155.0
0.0,174.0,-212.0
0.0,-80.0,7.0
0.0,-80.0,8.0
0.0,-188.0,-187.0
0.0,111.0,-155.0
0.0,100.0,-126.0
0.0,93.0,-115.0
0.0,84.0,-114.0
0.0,79.0,-109.0
0.0,9.0,5.0
0.0,-188.0,-214.0
0.0,-95.0,-112.0
0.0,-181.0,-221.0
0.0,-179.0,-226.0
0.0,44.0,-111.0
0.0,30.0,-92.0
0.0,30.0,-78.0
0.0,62.0,-195.0
0.0,91.0,-174.0
0.0,61.0,-125.0
0.0,41.0,-132.0
0.0,19.0,-128.0
0.0,79.0,-57.0
0.0,171.0,-231.0
0.0,118.0,-182.0
0.0,108.0,-185.0
0.0,74.0,-180.0
0.0,28.0,-144.0
0.0,45.0,-116.0
0.0,4.0,-121.0
0.0,-9.0,-113.0
0.0,-16.0,-100.0
0.0,114.0,-322.0
0.0,191.0,-320.0
0.0,50.0,-42.0
0.0,48.0,-64.0
0.0,54.0,-69.0
0.0,58.0,-77.0
0.0,63.0,-74.0
0.0,-499.0,-267.0
0.0,-499.0,-268.0
0.0,-53.0,-33.0
0.0,-56.0,-61.0
0.0,-60.0,-68.0
0.0,-62.0,-33.0
0.0,-484.0,-228.0
0.0,-493.0,-247.0
0.0,-497.0,-248.0
0.0,62.0,-74.0
0.0,-10.0,-116.0
0.0,-17.0,-122.0
0.0,-27.0,-135.0
0.0,-34.0,-140.0
0.0,-36.0,-142.0
0.0,-190.0,-167.0
0.0,-500.0,-265.0
0.0,-536.0,-259.0
0.0,26.0,-132.0
0.0,-39.0,-118.0
0.0,-25.0,-126.0
0.0,-6.0,-131.0
0.0,8.0,-138.0
0.0,27.0,-143.0
0.0,34.0,-143.0
0.0,127.0,-118.0
0.0,116.0,-72.0
0.0,182.0,-215.0
0.0,107.0,-29.0
0.0,-76.0,-152.0
0.0,39.0,-127.0
0.0,28.0,-97.0
0.0,29.0,-123.0
0.0,33.0,-143.0
0.0,109.0,-152.0
0.0,18.0,-124.0
0.0,556.0,-289.0
0.0,509.0,-300.0
0.0,192.0,-160.0
0.0,190.0,-169.0
0.0,25.0,-146.0
0.0,-115.0,-151.0
0.0,359.0,-103.0
0.0,466.0,-76.0
0.0,-422.0,-45.0
0.0,-353.0,-54.0
0.0,-119.0,-78.0
0.0,-15.0,-72.0
0.0,42.0,-20.0
0.0,-465.0,190.0
0.0,-430.0,101.0
0.0,-395.0,-78.0
0.0,-384.0,-47.0
0.0,-279.0,68.0
0.0,-499.0,-275.0
0.0,-200.0,-238.0
0.0,-640.0,360.0
0.0,-145.0,-31.0
0.0,-159.0,-33.0
0.0,-161.0,-33.0
0.0,-161.0,-34.0
0.0,-259.0,-251.0
0.0,-247.0,-243.0
0.0,-215.0,-224.0
0.0,-200.0,-214.0
0.0,-38.0,166.0
0.0,-37.0,177.0
0.0,-38.0,183.0
0.0,276.0,178.0
0.0,-42.0,189.0
0.0,-42.0,199.0
0.0,277.0,155.0
0.0,-37.0,212.0
0.0,-38.0,211.0
0.0,274.0,219.0
0.0,275.0,219.0
0.0,267.0,130.0
0.0,267.0,126.0
0.0,257.0,164.0
0.0,276.0,219.0
0.0,274.0,227.0
0.0,217.0,-127.0
0.0,138.0,-238.0
0.0,320.0,-193.0
0.0,-509.0,-108.0
0.0,-493.0,-50.0
0.0,-538.0,-123.0
0.0,77.0,15.0
0.0,94.0,-8.0
0.0,107.0,-34.0
0.0,97.0,-78.0
0.0,107.0,-75.0
0.0,107.0,-76.0
0.0,98.0,-78.0
0.0,93.0,-63.0
0.0,81.0,-58.0
0.0,144.0,108.0
0.0,-64.0,-225.0
0.0,235.0,209.0
0.0,210.0,187.0
0.0,162.0,142.0
0.0,-76.0,-86.0
0.0,-100.0,-62.0
0.0,-4.0,8.0
0.0,-112.0,-26.0
0.0,-224.0,146.0
0.0,-280.0,211.0
0.0,-299.0,222.0
0.0,1.0,-158.0
0.0,-179.0,36.0
0.0,-332.0,227.0
0.0,-318.0,230.0
0.0,-284.0,235.0
0.0,-253.0,238.0
0.0,-164.0,99.0
0.0,-23.0,138.0
0.0,9.0,140.0
0.0,13.0,189.0
0.0,134.0,282.0
0.0,-81.0,250.0
0.0,-52.0,262.0
0.0,241.0,207.0
0.0,73.0,204.0
0.0,88.0,249.0
0.0,137.0,220.0
0.0,165.0,131.0
0.0,191.0,132.0
0.0,395.0,246.0
0.0,401.0,254.0
0.0,169.0,107.0
0.0,382.0,261.0
0.0,357.0,267.0
0.0,86.0,223.0
0.0,52.0,243.0
0.0,-8.0,274.0
0.0,-60.0,268.0
0.0,-90.0,268.0
0.0,14.0,279.0
0.0,-8.0,264.0
0.0,-39.0,210.0
0.0,-61.0,208.0
0.0,-135.0,187.0
0.0,-192.0,208.0
0.0,-221.0,207.0
0.0,-244.0,205.0
0.0,-265.0,202.0
0.0,-273.0,201.0
0.0,-278.0,201.0
0.0,-278.0,203.0
0.0,-272.0,208.0
0.0,-257.0,213.0
0.0,-235.0,232.0
0.0,-184.0,227.0
0.0,-133.0,200.0
0.0,-91.0,195.0
0.0,-36.0,189.0
0.0,3.0,188.0
0.0,44.0,263.0
0.0,106.0,258.0
0.0,155.0,206.0
0.0,267.0,217.0
0.0,305.0,170.0
0.0,336.0,130.0
0.0,322.0,81.0
0.0,320.0,83.0
0.0,355.0,151.0
0.0,325.0,181.0
0.0,257.0,225.0
0.0,158.0,240.0
0.0,57.0,268.0
0.0,-45.0,256.0
0.0,-103.0,206.0
0.0,-194.0,239.0
0.0,-253.0,216.0
0.0,-270.0,43.0
0.0,-300.0,51.0
0.0,-309.0,49.0
0.0,-304.0,56.0
0.0,-283.0,193.0
0.0,-238.0,227.0
0.0,-133.0,226.0
0.0,-42.0,244.0
0.0,27.0,262.0
0.0,107.0,244.0
0.0,180.0,199.0
0.0,247.0,225.0
0.0,314.0,150.0
0.0,350.0,140.0
0.0,370.0,125.0
0.0,368.0,151.0
0.0,346.0,168.0
0.0,332.0,219.0
0.0,241.0,234.0
0.0,137.0,250.0
0.0,29.0,265.0
0.0,-47.0,200.0
0.0,-147.0,222.0
0.0,-222.0,224.0
0.0,-235.0,225.0
0.0,-207.0,241.0
0.0,-162.0,231.0
0.0,-82.0,163.0
0.0,-19.0,122.0
0.0,29.0,70.0
0.0,60.0,43.0
0.0,69.0,20.0
0.0,-228.0,-298.0
0.0,-216.0,-300.0
0.0,103.0,1.0
0.0,-201.0,-302.0
0.0,118.0,38.0
0.0,101.0,76.0
0.0,89.0,117.0
0.0,72.0,157.0
0.0,55.0,180.0
0.0,39.0,201.0
0.0,24.0,233.0
0.0,18.0,248.0
0.0,14.0,257.0
0.0,10.0,259.0
0.0,5.0,259.0
0.0,5.0,265.0
0.0,-5.0,267.0
0.0,-31.0,252.0
0.0,-36.0,269.0
0.0,-41.0,269.0
0.0,-43.0,270.0
0.0,-38.0,271.0
0.0,-39.0,254.0
0.0,-13.0,275.0
0.0,-4.0,281.0
0.0,25.0,267.0
0.0,59.0,246.0
0.0,138.0,177.0
0.0,231.0,118.0
0.0,279.0,84.0
0.0,308.0,62.0
0.0,336.0,55.0
0.0,328.0,63.0
0.0,307.0,87.0
0.0,252.0,120.0
0.0,168.0,168.0
0.0,83.0,230.0
0.0,-4.0,243.0
0.0,-105.0,227.0
0.0,-164.0,120.0
0.0,-228.0,36.0
0.0,-284.0,16.0
0.0,-313.0,8.0
0.0,-331.0,2.0
0.0,-330.0,4.0
0.0,-307.0,15.0
0.0,-279.0,50.0
0.0,-229.0,95.0
0.0,-177.0,215.0
0.0,-80.0,235.0
0.0,25.0,238.0
0.0,110.0,184.0
0.0,192.0,149.0
0.0,243.0,125.0
0.0,289.0,104.0
0.0,315.0,91.0
0.0,320.0,78.0
0.0,332.0,93.0
0.0,320.0,109.0
0.0,289.0,125.0
0.0,262.0,183.0
0.0,149.0,198.0
0.0,79.0,234.0
0.0,-5.0,246.0
0.0,-35.0,242.0
0.0,-58.0,240.0
0.0,-78.0,221.0
0.0,-77.0,223.0
0.0,-69.0,224.0
0.0,-46.0,248.0
0.0,-29.0,251.0
0.0,-11.0,250.0
0.0,-1.0,258.0
0.0,14.0,261.0
0.0,23.0,263.0
0.0,31.0,261.0
0.0,25.0,263.0
0.0,17.0,265.0
0.0,16.0,264.0
0.0,17.0,262.0
0.0,28.0,258.0
0.0,86.0,273.0
0.0,98.0,275.0
0.0,97.0,276.0
0.0,35.0,255.0
0.0,24.0,257.0
0.0,-28.0,299.0
0.0,-10.0,258.0
0.0,-46.0,220.0
0.0,-73.0,218.0
0.0,-72.0,224.0
0.0,-126.0,248.0
0.0,-132.0,256.0
0.0,-138.0,266.0
0.0,-147.0,260.0
0.0,39.0,250.0
0.0,-72.0,231.0
0.0,-108.0,167.0
0.0,-92.0,157.0
0.0,-520.0,47.0
0.0,-440.0,-38.0
0.0,-432.0,-27.0
0.0,-388.0,-87.0
0.0,-380.0,-87.0
0.0,-383.0,-72.0
0.0,219.0,23.0
0.0,216.0,40.0
0.0,220.0,61.0
0.0,178.0,146.0
0.0,237.0,72.0
0.0,251.0,78.0
0.0,235.0,151.0
0.0,262.0,151.0
0.0,340.0,122.0
0.0,368.0,75.0
0.0,407.0,75.0
0.0,447.0,64.0
0.0,451.0,45.0
0.0,459.0,34.0
0.0,425.0,63.0
0.0,421.0,83.0
0.0,451.0,83.0
0.0,436.0,115.0
0.0,391.0,115.0
0.0,337.0,111.0
0.0,292.0,125.0
0.0,251.0,125.0
0.0,197.0,130.0
0.0,155.0,142.0
0.0,103.0,166.0
0.0,27.0,255.0
0.0,-12.0,256.0
0.0,-23.0,256.0
0.0,-46.0,266.0
0.0,-640.0,360.0
0.0,-44.0,-18.0
0.0,-80.0,-23.0
0.0,-97.0,-25.0
0.0,-107.0,-27.0
0.0,-152.0,-220.0
0.0,-42.0,-216.0
0.0,-15.0,-213.0
0.0,-53.0,149.0
0.0,-50.0,161.0
0.0,-51.0,161.0
0.0,-54.0,157.0
0.0,-42.0,134.0
0.0,-41.0,144.0
0.0,231.0,161.0
0.0,231.0,160.0
0.0,-47.0,130.0
0.0,-48.0,125.0
0.0,-49.0,124.0
0.0,-48.0,129.0
0.0,232.0,169.0
0.0,230.0,169.0
0.0,229.0,170.0
0.0,-148.0,-214.0
0.0,-169.0,-232.0
0.0,1.0,207.0
0.0,197.0,62.0
0.0,117.0,27.0
0.0,132.0,24.0
0.0,158.0,0.0
0.0,176.0,6.0
0.0,184.0,-15.0
0.0,200.0,3.0
0.0,181.0,3.0
0.0,180.0,0.0
0.0,72.0,-51.0
0.0,178.0,12.0
0.0,178.0,31.0
0.0,162.0,32.0
0.0,157.0,-74.0
0.0,-486.0,-56.0
0.0,-468.0,-31.0
0.0,-484.0,-112.0
0.0,-509.0,-121.0
0.0,-526.0,-136.0
0.0,-533.0,-142.0
0.0,192.0,-1.0
0.0,182.0,-6.0
0.0,80.0,45.0
0.0,188.0,-15.0
0.0,178.0,1.0
0.0,89.0,61.0
0.0,83.0,68.0
0.0,83.0,72.0
0.0,176.0,11.0
0.0,170.0,14.0
0.0,104.0,63.0
0.0,140.0,103.0
0.0,171.0,145.0
0.0,305.0,-277.0
0.0,323.0,-297.0
0.0,0.0,-201.0
0.0,47.0,155.0
0.0,69.0,35.0
0.0,139.0,90.0
0.0,152.0,49.0
0.0,173.0,38.0
0.0,234.0,175.0
0.0,252.0,165.0
0.0,240.0,91.0
0.0,288.0,179.0
0.0,321.0,177.0
0.0,326.0,176.0
0.0,366.0,222.0
0.0,365.0,238.0
0.0,363.0,262.0
0.0,324.0,251.0
0.0,278.0,250.0
0.0,159.0,228.0
0.0,56.0,269.0
0.0,20.0,276.0
0.0,-58.0,268.0
0.0,-104.0,257.0
0.0,-141.0,252.0
0.0,-128.0,225.0
0.0,-154.0,194.0
0.0,-178.0,195.0
0.0,-191.0,190.0
0.0,-199.0,187.0
0.0,-207.0,189.0
0.0,-206.0,189.0
0.0,-195.0,187.0
0.0,-193.0,193.0
0.0,-177.0,198.0
0.0,-149.0,217.0
0.0,-97.0,219.0
0.0,-60.0,219.0
0.0,-18.0,231.0
0.0,43.0,242.0
0.0,79.0,240.0
0.0,98.0,228.0
0.0,130.0,216.0
0.0,171.0,209.0
0.0,212.0,213.0
0.0,271.0,184.0
0.0,292.0,235.0
0.0,321.0,192.0
0.0,345.0,224.0
0.0,367.0,210.0
0.0,367.0,142.0
0.0,386.0,130.0
0.0,404.0,114.0
0.0,422.0,96.0
0.0,425.0,93.0
0.0,430.0,103.0
0.0,430.0,114.0
0.0,425.0,116.0
0.0,417.0,142.0
0.0,403.0,148.0
0.0,402.0,211.0
0.0,368.0,222.0
0.0,320.0,230.0
0.0,322.0,254.0
0.0,269.0,246.0
0.0,185.0,231.0
0.0,136.0,232.0
0.0,110.0,232.0
0.0,80.0,230.0
0.0,39.0,219.0
0.0,24.0,215.0
0.0,9.0,214.0
0.0,4.0,214.0
0.0,2.0,215.0
0.0,6.0,216.0
0.0,11.0,217.0
0.0,19.0,223.0
0.0,24.0,227.0
0.0,26.0,225.0
0.0,36.0,240.0
0.0,46.0,243.0
0.0,46.0,243.0
0.0,58.0,243.0
0.0,73.0,251.0
0.0,82.0,250.0
0.0,117.0,255.0
0.0,132.0,250.0
0.0,137.0,249.0
0.0,139.0,248.0
0.0,175.0,204.0
0.0,178.0,199.0
0.0,150.0,236.0
0.0,179.0,196.0
0.0,184.0,159.0
0.0,184.0,159.0
0.0,28.0,265.0
0.0,32.0,271.0
0.0,31.0,268.0
0.0,36.0,266.0
0.0,39.0,263.0
0.0,39.0,262.0
0.0,49.0,280.0
0.0,47.0,280.0
0.0,49.0,279.0
0.0,54.0,277.0
0.0,54.0,276.0
0.0,53.0,276.0
0.0,51.0,278.0
0.0,50.0,277.0
0.0,98.0,276.0
0.0,88.0,219.0
0.0,84.0,223.0
0.0,83.0,225.0
0.0,83.0,227.0
0.0,77.0,222.0
0.0,-4.0,198.0
0.0,53.0,203.0
0.0,46.0,197.0
0.0,-1.0,189.0
0.0,38.0,190.0
0.0,-5.0,171.0
0.0,-5.0,165.0
0.0,37.0,175.0
0.0,3.0,173.0
0.0,-5.0,159.0
0.0,-3.0,170.0
0.0,-8.0,172.0
0.0,31.0,182.0
0.0,20.0,178.0
0.0,9.0,188.0
0.0,11.0,219.0
0.0,5.0,214.0
0.0,9.0,240.0
0.0,6.0,225.0
0.0,15.0,231.0
0.0,29.0,249.0
0.0,36.0,253.0
0.0,40.0,255.0
0.0,40.0,260.0
0.0,40.0,262.0
0.0,37.0,263.0
0.0,24.0,272.0
0.0,22.0,279.0
0.0,22.0,282.0
0.0,24.0,281.0
0.0,58.0,267.0
0.0,74.0,245.0
0.0,55.0,212.0
0.0,62.0,123.0
0.0,-315.0,-266.0
0.0,-331.0,-189.0
0.0,-241.0,-93.0
0.0,-296.0,-198.0
0.0,-287.0,-215.0
0.0,-275.0,-197.0
0.0,-268.0,-221.0
0.0,-247.0,-210.0
0.0,-218.0,-210.0
0.0,-196.0,-211.0
0.0,-225.0,-221.0
0.0,-217.0,-210.0
0.0,-223.0,-210.0
0.0,-229.0,-204.0
0.0,-247.0,-221.0
0.0,-232.0,-170.0
0.0,-239.0,-176.0
0.0,-227.0,-170.0
0.0,-235.0,-216.0
0.0,-235.0,-218.0
0.0,-188.0,-260.0
0.0,348.0,-284.0
0.0,351.0,-283.0
0.0,351.0,-283.0
0.0,351.0,-283.0
0.0,348.0,-286.0
0.0,348.0,-287.0
0.0,348.0,-287.0
0.0,347.0,-287.0
0.0,346.0,-286.0
0.0,342.0,-285.0
0.0,337.0,-288.0
0.0,334.0,-294.0
0.0,328.0,-298.0
0.0,-112.0,-275.0
0.0,-8.0,-22.0
0.0,-8.0,-24.0
0.0,-7.0,-22.0
0.0,-8.0,-18.0
0.0,-14.0,-17.0
0.0,5.0,-33.0
0.0,3.0,-35.0
0.0,2.0,-34.0
0.0,0.0,-34.0
0.0,-1.0,-33.0
0.0,-2.0,-26.0
0.0,-7.0,-25.0
0.0,-12.0,-26.0
0.0,-40.0,-34.0
0.0,-44.0,-37.0
0.0,-48.0,-41.0
0.0,-44.0,-37.0
0.0,-56.0,-34.0
0.0,-29.0,-326.0
0.0,-74.0,-318.0
0.0,-59.0,-325.0
0.0,-37.0,-338.0
0.0,131.0,-324.0
0.0,-38.0,-69.0
0.0,-35.0,-71.0
0.0,112.0,-80.0
0.0,114.0,-77.0
0.0,108.0,-61.0
0.0,111.0,-61.0
0.0,113.0,-98.0
0.0,115.0,-96.0
0.0,115.0,-62.0
0.0,115.0,-61.0
0.0,115.0,-61.0
0.0,114.0,-64.0
0.0,121.0,-48.0
0.0,120.0,-47.0
0.0,118.0,-36.0
0.0,117.0,-34.0
0.0,118.0,-34.0
0.0,118.0,-33.0
0.0,119.0,-32.0
0.0,120.0,-30.0
0.0,120.0,-30.0
0.0,120.0,-29.0
0.0,119.0,-27.0
0.0,119.0,-26.0
0.0,120.0,-26.0
0.0,122.0,-29.0
0.0,120.0,-47.0
0.0,121.0,-48.0
0.0,122.0,-43.0
0.0,122.0,-39.0
0.0,121.0,-38.0
0.0,122.0,-30.0
0.0,123.0,-45.0
0.0,123.0,-44.0
0.0,122.0,-32.0
0.0,117.0,2.0
0.0,115.0,7.0
0.0,110.0,13.0
0.0,79.0,15.0
0.0,80.0,16.0
0.0,109.0,11.0
0.0,112.0,5.0
0.0,117.0,-8.0
0.0,117.0,-11.0
0.0,116.0,-9.0
0.0,116.0,-6.0
0.0,116.0,-5.0
0.0,113.0,-2.0
0.0,22.0,5.0
0.0,15.0,11.0
0.0,11.0,10.0
0.0,33.0,-25.0
0.0,26.0,12.0
0.0,7.0,46.0
0.0,8.0,59.0
0.0,10.0,67.0
0.0,7.0,74.0
0.0,3.0,86.0
0.0,14.0,67.0
0.0,12.0,78.0
0.0,20.0,65.0
0.0,40.0,43.0
0.0,15.0,97.0
0.0,1.0,142.0
0.0,-5.0,153.0
0.0,-8.0,165.0
0.0,-10.0,175.0
0.0,-18.0,177.0
0.0,-26.0,178.0
0.0,-34.0,186.0
0.0,-49.0,187.0
0.0,-50.0,186.0
0.0,-46.0,217.0
0.0,-60.0,192.0
0.0,-45.0,212.0
0.0,-45.0,209.0
0.0,-50.0,178.0
0.0,-22.0,127.0
0.0,-8.0,116.0
0.0,-14.0,90.0
0.0,-10.0,85.0
0.0,-2.0,80.0
0.0,5.0,78.0
0.0,-20.0,117.0
0.0,12.0,74.0
0.0,13.0,70.0
0.0,-16.0,113.0
0.0,10.0,59.0
0.0,-29.0,112.0
0.0,-31.0,112.0
0.0,-37.0,110.0
0.0,-40.0,113.0
0.0,-43.0,115.0
0.0,-9.0,132.0
0.0,-3.0,132.0
0.0,-1.0,99.0
0.0,16.0,98.0
0.0,27.0,90.0
0.0,37.0,73.0
0.0,46.0,68.0
0.0,65.0,58.0
0.0,67.0,56.0
0.0,110.0,27.0
0.0,110.0,26.0
0.0,52.0,53.0
0.0,330.0,-287.0
0.0,-46.0,118.0
0.0,-51.0,123.0
0.0,-41.0,125.0
0.0,-35.0,107.0
0.0,-9.0,64.0
0.0,-13.0,59.0
0.0,-67.0,89.0
0.0,-77.0,84.0
0.0,-90.0,80.0
0.0,25.0,-40.0
0.0,-10.0,-55.0
0.0,-53.0,-53.0
0.0,-141.0,-45.0
0.0,-140.0,-61.0
0.0,-230.0,-50.0
0.0,-159.0,-88.0
0.0,-166.0,-94.0
0.0,-175.0,-99.0
0.0,-186.0,-105.0
0.0,-196.0,-111.0
0.0,-150.0,-121.0
0.0,-157.0,-123.0
0.0,-166.0,-129.0
0.0,-213.0,-117.0
0.0,-160.0,-124.0
0.0,-198.0,-109.0
0.0,-184.0,-99.0
0.0,-163.0,-86.0
0.0,-144.0,-42.0
0.0,-37.0,-65.0
0.0,-92.0,-7.0
0.0,65.0,-63.0
0.0,150.0,-77.0
0.0,184.0,-91.0
0.0,200.0,-106.0
0.0,251.0,-101.0
0.0,269.0,-91.0
0.0,301.0,-84.0
0.0,338.0,-86.0
0.0,367.0,-85.0
0.0,393.0,-82.0
0.0,408.0,-78.0
0.0,427.0,-75.0
0.0,442.0,-75.0
0.0,445.0,-69.0
0.0,449.0,-68.0
0.0,449.0,-65.0
0.0,445.0,-64.0
0.0,438.0,-64.0
0.0,416.0,-63.0
0.0,396.0,-63.0
0.0,381.0,-63.0
0.0,361.0,-63.0
0.0,346.0,-63.0
0.0,328.0,-58.0
0.0,313.0,-53.0
0.0,296.0,-43.0
0.0,281.0,-32.0
0.0,249.0,4.0
0.0,239.0,7.0
0.0,230.0,7.0
0.0,221.0,10.0
0.0,210.0,11.0
0.0,198.0,17.0
0.0,191.0,17.0
0.0,179.0,18.0
0.0,162.0,18.0
0.0,152.0,17.0
0.0,141.0,18.0
0.0,130.0,18.0
0.0,122.0,20.0
0.0,120.0,24.0
0.0,124.0,23.0
0.0,129.0,20.0
0.0,130.0,17.0
0.0,134.0,17.0
0.0,136.0,16.0
0.0,140.0,16.0
0.0,142.0,14.0
0.0,145.0,15.0
0.0,148.0,14.0
0.0,158.0,-4.0
0.0,163.0,-8.0
0.0,171.0,-10.0
0.0,182.0,-14.0
0.0,192.0,-18.0
0.0,201.0,-31.0
0.0,207.0,-39.0
0.0,213.0,-45.0
0.0,224.0,-53.0
0.0,231.0,-66.0
0.0,238.0,-73.0
0.0,255.0,-81.0
0.0,275.0,-92.0
0.0,294.0,-106.0
0.0,319.0,-130.0
0.0,341.0,-152.0
0.0,365.0,-177.0
0.0,387.0,-201.0
0.0,394.0,-207.0
0.0,398.0,-213.0
0.0,400.0,-207.0
0.0,390.0,-186.0
0.0,357.0,-148.0
0.0,335.0,-123.0
0.0,298.0,-94.0
0.0,237.0,-53.0
0.0,206.0,-26.0
0.0,120.0,29.0
0.0,71.0,48.0
0.0,1.0,-29.0
0.0,-52.0,-11.0
0.0,-82.0,13.0
0.0,-101.0,10.0
0.0,-126.0,22.0
0.0,-141.0,28.0
0.0,-155.0,31.0
0.0,-172.0,31.0
0.0,-186.0,34.0
0.0,-198.0,37.0
0.0,-214.0,36.0
0.0,-228.0,37.0
0.0,-236.0,41.0
0.0,-249.0,27.0
0.0,-268.0,26.0
0.0,-291.0,35.0
0.0,-302.0,42.0
0.0,-315.0,37.0
0.0,-356.0,32.0
0.0,-384.0,79.0
0.0,-363.0,55.0
0.0,-351.0,70.0
0.0,-323.0,74.0
0.0,-303.0,106.0
0.0,-275.0,103.0
0.0,-264.0,102.0
0.0,-247.0,100.0
0.0,-242.0,96.0
0.0,-250.0,93.0
0.0,-288.0,100.0
0.0,-357.0,61.0
0.0,-443.0,-9.0
0.0,-478.0,-39.0
0.0,-489.0,-50.0
0.0,-495.0,-63.0
0.0,-496.0,-66.0
0.0,-499.0,-29.0
0.0,-502.0,-10.0
0.0,-475.0,21.0
0.0,-397.0,53.0
0.0,-271.0,33.0
0.0,-214.0,33.0
0.0,-157.0,32.0
0.0,-120.0,53.0
0.0,-84.0,53.0
0.0,-49.0,54.0
0.0,2.0,40.0
0.0,20.0,19.0
0.0,71.0,11.0
0.0,118.0,0.0
0.0,159.0,-12.0
0.0,197.0,-27.0
0.0,220.0,-37.0
0.0,251.0,-45.0
0.0,275.0,-57.0
0.0,291.0,-65.0
0.0,309.0,-71.0
0.0,312.0,-67.0
0.0,298.0,-54.0
0.0,279.0,-44.0
0.0,251.0,-36.0
0.0,219.0,30.0
0.0,190.0,41.0
0.0,144.0,56.0
0.0,101.0,46.0
0.0,71.0,26.0
0.0,51.0,29.0
0.0,2.0,36.0
0.0,-15.0,11.0
0.0,-39.0,2.0
0.0,-45.0,11.0
0.0,-44.0,25.0
0.0,-55.0,30.0
0.0,-51.0,35.0
0.0,-53.0,38.0
0.0,-52.0,38.0
0.0,-47.0,39.0
0.0,-35.0,38.0
0.0,-27.0,42.0
0.0,-18.0,41.0
0.0,-16.0,49.0
0.0,-13.0,46.0
0.0,-8.0,44.0
0.0,-3.0,49.0
0.0,-2.0,52.0
0.0,-3.0,58.0
0.0,-2.0,65.0
0.0,-8.0,68.0
0.0,-10.0,76.0
0.0,-17.0,77.0
0.0,-32.0,81.0
0.0,-43.0,109.0
0.0,-70.0,150.0
0.0,-83.0,164.0
0.0,-94.0,150.0
0.0,-103.0,159.0
0.0,-23.0,71.0
0.0,-209.0,232.0
0.0,4.0,216.0
0.0,-61.0,227.0
0.0,-46.0,233.0
0.0,-28.0,220.0
0.0,-18.0,216.0
0.0,-11.0,219.0
0.0,-7.0,187.0
0.0,-3.0,186.0
0.0,8.0,188.0
0.0,15.0,185.0
0.0,23.0,181.0
0.0,28.0,179.0
0.0,33.0,179.0
0.0,44.0,174.0
0.0,62.0,167.0
0.0,87.0,155.0
0.0,120.0,139.0
0.0,160.0,134.0
0.0,168.0,128.0
0.0,184.0,126.0
0.0,196.0,127.0
0.0,213.0,129.0
0.0,222.0,133.0
0.0,221.0,135.0
0.0,215.0,136.0
0.0,213.0,152.0
0.0,192.0,157.0
0.0,174.0,153.0
0.0,155.0,162.0
0.0,147.0,170.0
0.0,131.0,168.0
0.0,109.0,202.0
0.0,96.0,203.0
0.0,81.0,215.0
0.0,55.0,251.0
0.0,429.0,-239.0
0.0,432.0,-239.0
0.0,433.0,-238.0
0.0,434.0,-237.0
0.0,435.0,-237.0
0.0,439.0,-238.0
0.0,442.0,-238.0
0.0,444.0,-239.0
0.0,446.0,-240.0
0.0,450.0,-239.0
0.0,452.0,-240.0
0.0,456.0,-243.0
0.0,457.0,-243.0
0.0,459.0,-242.0
0.0,459.0,-241.0
0.0,459.0,-240.0
0.0,460.0,-240.0
0.0,461.0,-240.0
0.0,465.0,-240.0
0.0,469.0,-241.0
0.0,492.0,-261.0
0.0,235.0,196.0
0.0,235.0,190.0
0.0,-333.0,-205.0
0.0,-363.0,-104.0
0.0,-463.0,-128.0
0.0,-408.0,-59.0
0.0,-401.0,-57.0
0.0,-309.0,-121.0
0.0,-304.0,-217.0
0.0,-311.0,-239.0
0.0,-270.0,-232.0
0.0,252.0,184.0
0.0,251.0,187.0
0.0,251.0,184.0
0.0,253.0,180.0
0.0,254.0,177.0
0.0,256.0,177.0
0.0,257.0,175.0
0.0,258.0,170.0
0.0,261.0,168.0
0.0,263.0,166.0
0.0,264.0,164.0
0.0,266.0,165.0
0.0,267.0,167.0
0.0,269.0,165.0
0.0,270.0,165.0
0.0,270.0,170.0
0.0,272.0,173.0
0.0,272.0,173.0
0.0,272.0,167.0
0.0,273.0,158.0
0.0,273.0,153.0
0.0,274.0,153.0
0.0,276.0,159.0
0.0,-50.0,-173.0
0.0,-294.0,-213.0
0.0,-336.0,-162.0
0.0,-337.0,-142.0
0.0,-309.0,-70.0
0.0,-322.0,-21.0
0.0,-318.0,-32.0
0.0,-285.0,-144.0
0.0,-55.0,-167.0
0.0,-75.0,-154.0
0.0,-32.0,250.0
0.0,-20.0,267.0
0.0,-23.0,264.0
0.0,-24.0,270.0
0.0,-21.0,271.0
0.0,-22.0,274.0
0.0,-33.0,266.0
0.0,-40.0,259.0
0.0,275.0,273.0
0.0,274.0,276.0
0.0,273.0,285.0
0.0,-42.0,247.0
0.0,-43.0,253.0
0.0,-132.0,3.0
0.0,-132.0,4.0
0.0,-131.0,5.0
0.0,-129.0,11.0
0.0,-131.0,8.0
0.0,-131.0,7.0
0.0,-133.0,4.0
0.0,-135.0,2.0
0.0,-135.0,2.0
0.0,-133.0,11.0
0.0,-134.0,12.0
0.0,-134.0,13.0
0.0,-135.0,13.0
0.0,-158.0,-14.0
0.0,-81.0,-96.0
0.0,-180.0,-156.0
0.0,-238.0,-119.0
0.0,-288.0,-81.0
0.0,-328.0,-70.0
0.0,-346.0,-72.0
0.0,-354.0,-77.0
0.0,-361.0,-88.0
0.0,-366.0,-93.0
0.0,-365.0,-99.0
0.0,-360.0,-105.0
0.0,-342.0,-102.0
0.0,-326.0,-91.0
0.0,-313.0,-68.0
0.0,-313.0,-71.0
0.0,-314.0,-68.0
0.0,-309.0,-82.0
0.0,-282.0,-175.0
0.0,-286.0,-170.0
0.0,-290.0,-155.0
0.0,-339.0,-21.0
0.0,-337.0,-2.0
0.0,-323.0,-16.0
0.0,-309.0,-42.0
0.0,-273.0,-31.0
0.0,-251.0,-12.0
0.0,-261.0,-40.0
0.0,-255.0,-46.0
0.0,-249.0,-50.0
0.0,-238.0,-46.0
0.0,-225.0,-35.0
0.0,-198.0,80.0
0.0,311.0,-217.0
0.0,278.0,-202.0
0.0,288.0,-207.0
0.0,328.0,-124.0
0.0,223.0,-151.0
0.0,79.0,-24.0
0.0,108.0,-44.0
0.0,108.0,-37.0
0.0,84.0,-10.0
0.0,135.0,71.0
0.0,125.0,107.0
0.0,431.0,-243.0
0.0,-346.0,-179.0
0.0,-430.0,-186.0
0.0,-510.0,-223.0
0.0,94.0,121.0
0.0,81.0,124.0
0.0,74.0,120.0
0.0,69.0,119.0
0.0,138.0,62.0
0.0,123.0,52.0
0.0,-68.0,229.0
0.0,113.0,26.0
0.0,135.0,23.0
0.0,-13.0,268.0
0.0,18.0,259.0
0.0,36.0,285.0
0.0,54.0,281.0
0.0,105.0,280.0
0.0,144.0,266.0
0.0,175.0,175.0
0.0,203.0,150.0
0.0,204.0,107.0
0.0,208.0,64.0
0.0,220.0,71.0
0.0,247.0,83.0
0.0,259.0,81.0
0.0,251.0,70.0
0.0,149.0,-36.0
0.0,243.0,70.0
0.0,221.0,81.0
0.0,301.0,201.0
0.0,254.0,237.0
0.0,213.0,259.0
0.0,90.0,288.0
0.0,64.0,283.0
0.0,-20.0,246.0
0.0,-62.0,196.0
0.0,-127.0,208.0
0.0,-128.0,73.0
0.0,-164.0,65.0
0.0,-185.0,44.0
0.0,-233.0,39.0
0.0,-257.0,33.0
0.0,-271.0,30.0
0.0,-288.0,26.0
0.0,-300.0,22.0
0.0,-307.0,22.0
0.0,-307.0,25.0
0.0,-314.0,59.0
0.0,-280.0,70.0
0.0,-233.0,87.0
0.0,-175.0,104.0
0.0,-133.0,153.0
0.0,-101.0,228.0
0.0,-44.0,202.0
0.0,13.0,243.0
0.0,78.0,214.0
0.0,125.0,194.0
0.0,160.0,180.0
0.0,192.0,177.0
0.0,203.0,178.0
0.0,202.0,185.0
0.0,194.0,194.0
0.0,166.0,206.0
0.0,138.0,237.0
0.0,119.0,253.0
0.0,89.0,270.0
0.0,58.0,264.0
0.0,36.0,260.0
0.0,23.0,261.0
0.0,-640.0,360.0
0.0,-43.0,-19.0
0.0,-76.0,-22.0
0.0,-92.0,-24.0
0.0,-101.0,-25.0
0.0,-41.0,-217.0
0.0,-23.0,-234.0
0.0,-24.0,-238.0
0.0,-21.0,-245.0
0.0,186.0,179.0
0.0,-113.0,185.0
0.0,-113.0,178.0
0.0,-111.0,173.0
0.0,-112.0,188.0
0.0,-112.0,191.0
0.0,-109.0,202.0
0.0,-113.0,191.0
0.0,-113.0,190.0
0.0,-114.0,189.0
0.0,-115.0,187.0
0.0,-115.0,186.0
0.0,-115.0,187.0
0.0,-115.0,186.0
0.0,-114.0,184.0
0.0,-113.0,188.0
0.0,-114.0,183.0
0.0,-114.0,184.0
0.0,-118.0,144.0
0.0,-20.0,-237.0
0.0,-39.0,-221.0
0.0,-81.0,202.0
0.0,156.0,90.0
0.0,69.0,-14.0
0.0,143.0,99.0
0.0,83.0,24.0
0.0,112.0,-23.0
0.0,128.0,-30.0
0.0,129.0,-3.0
0.0,126.0,8.0
0.0,127.0,6.0
0.0,128.0,7.0
0.0,129.0,8.0
0.0,103.0,15.0
0.0,99.0,17.0
0.0,95.0,-34.0
0.0,116.0,-7.0
0.0,70.0,37.0
0.0,58.0,48.0
0.0,-226.0,-53.0
0.0,-419.0,-112.0
0.0,-446.0,-63.0
0.0,-458.0,-143.0
0.0,30.0,-4.0
0.0,18.0,2.0
0.0,2.0,2.0
0.0,-1.0,-11.0
0.0,-11.0,-11.0
0.0,-17.0,-10.0
0.0,-24.0,-9.0
0.0,-38.0,2.0
0.0,-10.0,-14.0
0.0,0.0,-14.0
0.0,1.0,-3.0
0.0,24.0,3.0
0.0,27.0,11.0
0.0,43.0,73.0
0.0,70.0,81.0
0.0,91.0,51.0
0.0,129.0,168.0
0.0,-88.0,-201.0
0.0,-30.0,214.0
0.0,96.0,167.0
0.0,45.0,-35.0
0.0,49.0,18.0
0.0,105.0,60.0
0.0,113.0,66.0
0.0,116.0,63.0
0.0,119.0,67.0
0.0,116.0,65.0
0.0,110.0,65.0
0.0,108.0,66.0
0.0,100.0,71.0
0.0,107.0,81.0
0.0,111.0,86.0
0.0,104.0,86.0
0.0,103.0,100.0
0.0,99.0,108.0
0.0,87.0,104.0
0.0,76.0,106.0
0.0,86.0,217.0
0.0,69.0,213.0
0.0,63.0,224.0
0.0,60.0,226.0
0.0,60.0,229.0
0.0,64.0,233.0
0.0,66.0,251.0
0.0,76.0,256.0
0.0,86.0,265.0
0.0,91.0,264.0
0.0,58.0,276.0
0.0,99.0,256.0
0.0,110.0,262.0
0.0,111.0,264.0
0.0,64.0,276.0
0.0,64.0,276.0
0.0,66.0,275.0
0.0,66.0,275.0
0.0,61.0,279.0
0.0,59.0,279.0
0.0,45.0,282.0
0.0,478.0,-256.0
0.0,478.0,-255.0
0.0,478.0,-255.0
0.0,478.0,-255.0
0.0,480.0,-255.0
0.0,480.0,-255.0
0.0,481.0,-255.0
0.0,481.0,-255.0
0.0,482.0,-256.0
0.0,482.0,-256.0
0.0,483.0,-255.0
0.0,483.0,-255.0
0.0,485.0,-257.0
0.0,486.0,-258.0
0.0,486.0,-255.0
0.0,486.0,-255.0
0.0,486.0,-255.0
0.0,487.0,-256.0
0.0,487.0,-257.0
0.0,528.0,-299.0
0.0,529.0,-301.0
0.0,529.0,-301.0
0.0,529.0,-301.0
0.0,530.0,-301.0
0.0,530.0,-301.0
0.0,530.0,-301.0
0.0,531.0,-302.0
0.0,532.0,-304.0
0.0,532.0,-304.0
0.0,532.0,-303.0
0.0,550.0,-324.0
0.0,533.0,-302.0
0.0,-18.0,232.0
0.0,-15.0,236.0
0.0,-18.0,217.0
0.0,-17.0,217.0
0.0,-16.0,214.0
0.0,-13.0,228.0
0.0,-13.0,235.0
0.0,-15.0,217.0
0.0,-16.0,218.0
0.0,-15.0,218.0
0.0,-15.0,217.0
0.0,-16.0,219.0
0.0,-16.0,220.0
0.0,-17.0,219.0
0.0,-13.0,236.0
0.0,-14.0,236.0
0.0,-14.0,236.0
0.0,-14.0,236.0
0.0,-13.0,237.0
0.0,-26.0,214.0
0.0,245.0,216.0
0.0,238.0,226.0
0.0,237.0,198.0
0.0,236.0,206.0
0.0,236.0,206.0
0.0,236.0,207.0
0.0,237.0,226.0
0.0,-183.0,-208.0
0.0,-175.0,-205.0
0.0,-172.0,-203.0
0.0,-167.0,-200.0
0.0,-152.0,-196.0
0.0,-134.0,-203.0
0.0,-153.0,-197.0
0.0,-153.0,-196.0
0.0,241.0,210.0
0.0,239.0,213.0
0.0,230.0,230.0
0.0,226.0,227.0
0.0,189.0,201.0
0.0,185.0,202.0
0.0,121.0,200.0
0.0,115.0,187.0
0.0,110.0,180.0
0.0,125.0,188.0
0.0,107.0,187.0
0.0,115.0,189.0
0.0,109.0,215.0
0.0,108.0,214.0
0.0,19.0,47.0
0.0,112.0,98.0
0.0,55.0,-26.0
0.0,55.0,-43.0
0.0,45.0,-46.0
0.0,62.0,-45.0
0.0,66.0,-50.0
0.0,66.0,-49.0
0.0,66.0,-47.0
0.0,66.0,-47.0
0.0,55.0,-38.0
0.0,55.0,-38.0
0.0,54.0,-39.0
0.0,56.0,-40.0
0.0,57.0,-40.0
0.0,53.0,-41.0
0.0,56.0,-42.0
0.0,67.0,-38.0
0.0,59.0,-101.0
0.0,54.0,-103.0
0.0,52.0,-104.0
0.0,50.0,-108.0
0.0,50.0,-109.0
0.0,13.0,-132.0
0.0,3.0,-154.0
0.0,2.0,-155.0
0.0,2.0,-157.0
0.0,-6.0,-170.0
0.0,39.0,-138.0
0.0,43.0,-133.0
0.0,45.0,-133.0
0.0,46.0,-135.0
0.0,180.0,-50.0
0.0,53.0,-133.0
0.0,53.0,-135.0
0.0,183.0,-53.0
0.0,184.0,-51.0
0.0,135.0,-90.0
0.0,187.0,-51.0
0.0,136.0,-86.0
0.0,-146.0,-270.0
0.0,-147.0,-272.0
0.0,-147.0,-273.0
0.0,-150.0,-279.0
0.0,344.0,-246.0
0.0,280.0,41.0
0.0,279.0,36.0
0.0,291.0,25.0
0.0,291.0,24.0
0.0,291.0,24.0
0.0,292.0,28.0
0.0,290.0,30.0
0.0,274.0,50.0
0.0,290.0,31.0
0.0,291.0,31.0
0.0,292.0,30.0
0.0,293.0,31.0
0.0,294.0,33.0
0.0,294.0,32.0
0.0,295.0,31.0
0.0,295.0,30.0
0.0,297.0,51.0
0.0,296.0,57.0
0.0,276.0,25.0
0.0,280.0,23.0
0.0,277.0,63.0
0.0,283.0,24.0
0.0,296.0,62.0
0.0,131.0,10.0
0.0,177.0,62.0
0.0,112.0,65.0
0.0,169.0,36.0
0.0,168.0,70.0
0.0,149.0,35.0
0.0,136.0,64.0
0.0,48.0,57.0
0.0,175.0,-17.0
0.0,130.0,-136.0
0.0,98.0,-158.0
0.0,80.0,-171.0
0.0,53.0,-47.0
0.0,37.0,-47.0
0.0,23.0,-49.0
0.0,12.0,-48.0
0.0,-3.0,-36.0
0.0,-44.0,-49.0
0.0,-59.0,-43.0
0.0,-33.0,19.0
0.0,-70.0,-34.0
0.0,-43.0,82.0
0.0,-45.0,92.0
0.0,-46.0,100.0
0.0,-44.0,105.0
0.0,-31.0,109.0
0.0,7.0,156.0
0.0,12.0,179.0
0.0,32.0,179.0
0.0,46.0,106.0
0.0,36.0,177.0
0.0,55.0,192.0
0.0,-97.0,-236.0
0.0,79.0,187.0
0.0,-94.0,-239.0
0.0,-90.0,-238.0
0.0,-134.0,-266.0
0.0,-85.0,-234.0
0.0,-94.0,-239.0
0.0,108.0,205.0
0.0,106.0,208.0
0.0,104.0,211.0
0.0,103.0,212.0
0.0,-152.0,-264.0
0.0,87.0,219.0
0.0,75.0,213.0
0.0,69.0,217.0
0.0,65.0,218.0
0.0,59.0,213.0
0.0,56.0,214.0
0.0,53.0,219.0
0.0,46.0,209.0
0.0,8.0,193.0
0.0,-5.0,194.0
0.0,-17.0,186.0
0.0,-29.0,183.0
0.0,-42.0,183.0
0.0,-39.0,153.0
0.0,-50.0,152.0
0.0,-58.0,155.0
0.0,-65.0,156.0
0.0,-75.0,158.0
0.0,-82.0,158.0
0.0,-94.0,157.0
0.0,-109.0,151.0
0.0,-118.0,146.0
0.0,-138.0,135.0
0.0,-175.0,5.0
0.0,-184.0,-13.0
0.0,-197.0,-28.0
0.0,-210.0,-31.0
0.0,-230.0,-39.0
0.0,-251.0,-46.0
0.0,-269.0,-51.0
0.0,-289.0,-56.0
0.0,-298.0,-57.0
0.0,-339.0,-33.0
0.0,-334.0,-31.0
0.0,-315.0,-34.0
0.0,-296.0,-26.0
0.0,-268.0,-21.0
0.0,-213.0,-30.0
0.0,-204.0,-10.0
0.0,-158.0,-16.0
0.0,-105.0,108.0
0.0,-57.0,114.0
0.0,-12.0,124.0
0.0,23.0,181.0
0.0,83.0,124.0
0.0,135.0,122.0
0.0,171.0,110.0
0.0,203.0,102.0
0.0,236.0,95.0
0.0,264.0,55.0
0.0,293.0,70.0
0.0,306.0,69.0
0.0,321.0,58.0
0.0,322.0,50.0
0.0,323.0,56.0
0.0,323.0,74.0
0.0,307.0,85.0
0.0,283.0,102.0
0.0,253.0,103.0
0.0,225.0,110.0
0.0,172.0,119.0
0.0,119.0,125.0
0.0,87.0,131.0
0.0,37.0,198.0
0.0,-2.0,194.0
0.0,-27.0,197.0
0.0,-58.0,184.0
0.0,-60.0,128.0
0.0,-96.0,115.0
0.0,-125.0,97.0
0.0,-162.0,-5.0
0.0,-197.0,4.0
0.0,-214.0,0.0
0.0,-234.0,-3.0
0.0,-254.0,-7.0
0.0,-263.0,-10.0
0.0,-259.0,-22.0
0.0,-243.0,-42.0
0.0,-222.0,-45.0
0.0,-190.0,-46.0
0.0,-258.0,-274.0
0.0,-55.0,127.0
0.0,-20.0,120.0
0.0,6.0,108.0
0.0,30.0,98.0
0.0,49.0,89.0
0.0,67.0,85.0
0.0,73.0,81.0
0.0,73.0,75.0
0.0,80.0,75.0
0.0,80.0,71.0
0.0,78.0,62.0
0.0,74.0,59.0
0.0,60.0,132.0
0.0,56.0,136.0
0.0,48.0,143.0
0.0,50.0,144.0
0.0,42.0,146.0
0.0,16.0,135.0
0.0,31.0,144.0
0.0,30.0,144.0
0.0,28.0,143.0
0.0,26.0,143.0
0.0,24.0,143.0
0.0,23.0,143.0
0.0,25.0,143.0
0.0,27.0,143.0
0.0,29.0,143.0
0.0,29.0,144.0
0.0,27.0,145.0
0.0,26.0,146.0
0.0,26.0,146.0
0.0,28.0,146.0
0.0,28.0,147.0
0.0,46.0,150.0
0.0,48.0,150.0
0.0,55.0,148.0
0.0,73.0,131.0
0.0,103.0,43.0
0.0,91.0,62.0
0.0,99.0,59.0
0.0,109.0,47.0
0.0,90.0,56.0
0.0,106.0,49.0
0.0,101.0,51.0
0.0,102.0,43.0
0.0,106.0,47.0
0.0,115.0,49.0
0.0,113.0,63.0
0.0,101.0,91.0
0.0,93.0,108.0
0.0,85.0,120.0
0.0,69.0,139.0
0.0,43.0,168.0
0.0,17.0,173.0
0.0,-11.0,181.0
0.0,-30.0,176.0
0.0,-59.0,173.0
0.0,-131.0,-209.0
0.0,-136.0,-179.0
0.0,-153.0,-29.0
0.0,-178.0,-24.0
0.0,-218.0,-18.0
0.0,-249.0,-20.0
0.0,-274.0,-27.0
0.0,-301.0,-31.0
0.0,-310.0,-33.0
0.0,-319.0,-34.0
0.0,-320.0,-36.0
0.0,-312.0,-37.0
0.0,-296.0,-37.0
0.0,-274.0,-36.0
0.0,-248.0,-35.0
0.0,-219.0,-34.0
0.0,-193.0,-48.0
0.0,-121.0,57.0
0.0,-94.0,73.0
0.0,-79.0,171.0
0.0,-40.0,170.0
0.0,1.0,162.0
0.0,81.0,126.0
0.0,116.0,99.0
0.0,141.0,82.0
0.0,177.0,70.0
0.0,210.0,35.0
0.0,243.0,43.0
0.0,255.0,18.0
0.0,284.0,2.0
0.0,292.0,-17.0
0.0,310.0,-4.0
0.0,314.0,-16.0
0.0,315.0,3.0
0.0,301.0,12.0
0.0,291.0,36.0
0.0,263.0,49.0
0.0,225.0,59.0
0.0,184.0,78.0
0.0,156.0,89.0
0.0,113.0,110.0
0.0,33.0,177.0
0.0,-21.0,175.0
0.0,-62.0,180.0
0.0,-93.0,98.0
0.0,-127.0,70.0
0.0,-178.0,-16.0
0.0,-208.0,-19.0
0.0,-228.0,-19.0
0.0,-247.0,-20.0
0.0,-256.0,-20.0
0.0,-255.0,-22.0
0.0,-249.0,-22.0
0.0,-232.0,-20.0
0.0,-208.0,-17.0
0.0,-146.0,62.0
0.0,-110.0,80.0
0.0,-63.0,88.0
0.0,-18.0,82.0
0.0,18.0,82.0
0.0,76.0,76.0
0.0,98.0,57.0
0.0,114.0,37.0
0.0,131.0,19.0
0.0,140.0,6.0
0.0,145.0,-1.0
0.0,146.0,-3.0
0.0,144.0,-1.0
0.0,135.0,10.0
0.0,122.0,20.0
0.0,105.0,39.0
0.0,92.0,57.0
0.0,74.0,78.0
0.0,34.0,150.0
0.0,9.0,147.0
0.0,0.0,157.0
0.0,-15.0,162.0
0.0,-24.0,171.0
0.0,-26.0,183.0
0.0,-31.0,186.0
0.0,-26.0,189.0
0.0,-19.0,199.0
0.0,-23.0,200.0
0.0,-25.0,203.0
0.0,-29.0,203.0
0.0,-29.0,205.0
0.0,-24.0,210.0
0.0,-13.0,216.0
0.0,1.0,215.0
0.0,14.0,219.0
0.0,27.0,225.0
0.0,-640.0,360.0
0.0,-20.0,48.0
0.0,2.0,62.0
0.0,-1.0,72.0
0.0,40.0,55.0
0.0,-116.0,80.0
0.0,-92.0,224.0
0.0,-95.0,229.0
0.0,-94.0,237.0
0.0,496.0,-205.0
0.0,478.0,-200.0
0.0,472.0,-172.0
0.0,479.0,-192.0
0.0,490.0,-190.0
0.0,482.0,-203.0
0.0,479.0,-208.0
0.0,487.0,-216.0
0.0,486.0,-224.0
0.0,480.0,-224.0
0.0,491.0,-218.0
0.0,485.0,-225.0
0.0,484.0,-227.0
0.0,481.0,-236.0
0.0,487.0,-233.0
0.0,482.0,-235.0
0.0,487.0,-236.0
0.0,488.0,-237.0
0.0,488.0,-241.0
0.0,487.0,-243.0
0.0,497.0,-252.0
0.0,498.0,-252.0
0.0,497.0,-254.0
0.0,497.0,-254.0
0.0,50.0,-113.0
0.0,43.0,-105.0
0.0,504.0,-249.0
0.0,43.0,-106.0
0.0,43.0,-106.0
0.0,44.0,-108.0
0.0,44.0,-109.0
0.0,41.0,-105.0
0.0,42.0,-119.0
0.0,44.0,-109.0
0.0,49.0,-119.0
0.0,38.0,-114.0
0.0,41.0,-121.0
0.0,37.0,-116.0
0.0,37.0,-115.0
0.0,35.0,-112.0
0.0,35.0,-112.0
0.0,37.0,-118.0
0.0,-281.0,84.0
0.0,35.0,-143.0
0.0,-281.0,84.0
0.0,-281.0,85.0
0.0,39.0,-151.0
0.0,45.0,-122.0
0.0,-281.0,87.0
0.0,491.0,-234.0
0.0,44.0,-157.0
0.0,-282.0,98.0
0.0,49.0,-163.0
0.0,-280.0,106.0
0.0,-77.0,285.0
0.0,64.0,-170.0
0.0,-96.0,279.0
0.0,-95.0,277.0
0.0,51.0,-165.0
0.0,33.0,-96.0
0.0,51.0,-172.0
0.0,58.0,-181.0
0.0,-259.0,-170.0
0.0,-256.0,-184.0
0.0,-255.0,-204.0
0.0,-230.0,-210.0
0.0,-211.0,-205.0
0.0,-178.0,-178.0
0.0,-168.0,-179.0
0.0,-101.0,-190.0
0.0,-165.0,-186.0
0.0,-168.0,-187.0
0.0,-171.0,-187.0
0.0,-178.0,-196.0
0.0,-180.0,-196.0
0.0,-180.0,-196.0
0.0,-103.0,-201.0
0.0,-103.0,-201.0
0.0,-104.0,-200.0
0.0,-179.0,-196.0
0.0,-178.0,-196.0
0.0,-98.0,-195.0
0.0,-89.0,-189.0
0.0,-74.0,-188.0
0.0,-88.0,-180.0
0.0,-92.0,-184.0
0.0,-96.0,-188.0
0.0,-98.0,-190.0
0.0,-100.0,-192.0
0.0,-99.0,-191.0
0.0,-99.0,-191.0
0.0,-99.0,-192.0
0.0,-98.0,-192.0
0.0,-96.0,-192.0
0.0,-89.0,-195.0
0.0,-83.0,-192.0
0.0,-66.0,-196.0
0.0,-69.0,-197.0
0.0,-80.0,-206.0
0.0,-85.0,-220.0
0.0,-175.0,-215.0
0.0,-82.0,-218.0
0.0,-79.0,-213.0
0.0,-79.0,-209.0
0.0,-76.0,-207.0
0.0,-72.0,-206.0
0.0,-69.0,-204.0
0.0,-64.0,-204.0
0.0,-41.0,-197.0
0.0,62.0,-225.0
0.0,-10.0,-202.0
0.0,-12.0,-198.0
0.0,-11.0,-193.0
0.0,71.0,-195.0
0.0,72.0,-191.0
0.0,72.0,-191.0
0.0,72.0,-194.0
0.0,72.0,-197.0
0.0,-6.0,-193.0
0.0,-5.0,-191.0
0.0,3.0,-194.0
0.0,5.0,-194.0
0.0,3.0,-194.0
0.0,72.0,-217.0
0.0,70.0,-216.0
0.0,69.0,-216.0
0.0,67.0,-216.0
0.0,66.0,-214.0
0.0,62.0,-209.0
0.0,53.0,-186.0
0.0,49.0,-181.0
0.0,48.0,-179.0
0.0,47.0,-177.0
0.0,47.0,-176.0
0.0,45.0,-175.0
0.0,46.0,-176.0
0.0,46.0,-177.0
0.0,46.0,-175.0
0.0,48.0,-177.0
0.0,49.0,-178.0
0.0,50.0,-179.0
0.0,50.0,-177.0
0.0,51.0,-183.0
0.0,-88.0,-145.0
0.0,-74.0,-175.0
0.0,-51.0,-184.0
0.0,-59.0,-177.0
0.0,-63.0,-164.0
0.0,-70.0,-160.0
0.0,-147.0,-136.0
0.0,-194.0,-167.0
0.0,-110.0,-87.0
0.0,-180.0,-86.0
0.0,-162.0,-26.0
0.5,-34.0,1.0
1.0,-46.0,-7.0
1.5,-11.0,-12.0
2.0,-5.0,-11.0
0.0,-640.0,360.0
0.0,-380.0,-48.0
0.0,-403.0,-59.0
0.0,-365.0,-49.0
0.0,-329.0,-68.0
0.0,-323.0,-65.0
0.0,-324.0,-71.0
0.0,-324.0,-72.0
0.0,-327.0,-70.0
0.0,-327.0,-70.0
0.0,-327.0,-70.0
0.0,-325.0,-72.0
0.0,-326.0,-72.0
0.0,-325.0,-72.0
0.0,-325.0,-70.0
0.0,-325.0,-70.0
0.0,-325.0,-70.0
0.0,-325.0,-69.0
0.0,-324.0,-69.0
0.0,-324.0,-64.0
0.0,-324.0,-62.0
0.0,-316.0,-61.0
0.0,-301.0,-61.0
0.0,-288.0,-57.0
0.0,-163.0,-12.0
0.0,-279.0,-53.0
0.0,-173.0,7.0
0.0,-22.0,13.0
0.0,-26.0,16.0
0.0,-309.0,-22.0
0.0,-299.0,-36.0
0.0,-303.0,-56.0
0.0,-304.0,-63.0
0.0,-302.0,-60.0
0.0,-304.0,-60.0
0.0,-302.0,-63.0
0.0,-314.0,-60.0
0.0,-321.0,-56.0
0.0,-320.0,-55.0
0.0,-332.0,-35.0
0.0,-331.0,-45.0
0.0,-329.0,-55.0
0.0,-331.0,-55.0
0.0,-327.0,-57.0
0.0,-314.0,-70.0
0.0,-306.0,-60.0
0.0,-298.0,-46.0
0.0,-306.0,-76.0
0.0,-308.0,-76.0
0.0,-307.0,-74.0
0.0,-307.0,-77.0
0.0,-305.0,-77.0
0.0,-305.0,-78.0
0.0,-306.0,-79.0
0.0,-309.0,-76.0
0.0,-310.0,-78.0
0.0,-310.0,-78.0
0.0,-310.0,-76.0
0.0,-314.0,-78.0
0.0,-308.0,-70.0
0.0,-300.0,-65.0
0.0,-300.0,-70.0
0.0,-294.0,-71.0
0.0,-291.0,-74.0
0.0,-286.0,-74.0
0.0,-280.0,-75.0
0.0,-272.0,-75.0
0.0,-188.0,-39.0
0.0,-214.0,-57.0
0.0,-215.0,-55.0
0.0,-215.0,-55.0
0.0,-216.0,-54.0
0.0,-218.0,-53.0
0.0,-220.0,-53.0
0.0,-222.0,-52.0
0.0,-247.0,-60.0
0.0,-278.0,-68.0
0.0,-281.0,-67.0
0.0,-285.0,-67.0
0.0,-290.0,-69.0
0.0,-297.0,-69.0
0.0,-296.0,-70.0
0.0,-307.0,-88.0
0.0,-312.0,-88.0
0.0,-315.0,-87.0
0.0,-300.0,-101.0
0.0,-297.0,-78.0
0.0,-234.0,-30.0
0.0,-160.0,0.0
0.0,-160.0,2.0
0.0,-153.0,3.0
0.0,-128.0,10.0
0.0,-120.0,11.0
0.0,-116.0,10.0
0.0,-194.0,-27.0
0.0,-193.0,-29.0
0.0,-191.0,-30.0
0.0,-192.0,-30.0
0.0,-188.0,-32.0
0.0,-184.0,-30.0
0.0,-184.0,-31.0
0.0,-182.0,-28.0
0.0,-176.0,-31.0
0.0,-153.0,-68.0
0.0,-145.0,-66.0
0.0,-140.0,-59.0
0.0,-128.0,-63.0
0.0,-118.0,-61.0
0.0,-114.0,-59.0
0.0,-106.0,-56.0
0.0,-99.0,-53.0
0.0,-84.0,-51.0
0.0,-70.0,-52.0
0.0,-55.0,-44.0
0.0,-51.0,-43.0
0.0,-45.0,-47.0
0.0,-39.0,-49.0
0.0,-31.0,-48.0
0.0,-14.0,-47.0
0.0,-10.0,-50.0
0.0,-6.0,-47.0
0.0,-8.0,-40.0
0.0,1.0,-44.0
0.0,1.0,-43.0
0.0,-17.0,-36.0
0.0,-26.0,-37.0
0.0,-18.0,-40.0
0.0,-62.0,-74.0
0.0,-60.0,-74.0
0.0,-123.0,-84.0
0.0,-1.0,-24.0
0.0,-97.0,-47.0
0.0,-116.0,-48.0
0.0,-123.0,-50.0
0.0,-127.0,-53.0
0.0,-150.0,-40.0
0.0,-150.0,-40.0
0.0,-115.0,-52.0
0.0,-113.0,-51.0
0.0,-115.0,-50.0
0.0,-119.0,-49.0
0.0,-122.0,-46.0
0.0,-146.0,-57.0
0.0,-169.0,-64.0
0.0,-172.0,-63.0
0.0,-132.0,-41.0
0.0,-133.0,-40.0
0.0,-154.0,-52.0
0.0,-115.0,-36.0
0.0,-163.0,-21.0
0.0,-150.0,-53.0
0.0,-149.0,-52.0
0.0,-152.0,-52.0
0.0,-160.0,-52.0
0.0,-159.0,-52.0
0.0,-160.0,-50.0
0.0,-162.0,-50.0
0.0,-162.0,-50.0
0.0,-158.0,-48.0
0.0,-171.0,-58.0
0.0,-172.0,-58.0
0.0,-175.0,-62.0
0.0,-178.0,-64.0
0.0,-190.0,-111.0
0.0,-182.0,-59.0
0.0,-191.0,-46.0
0.0,-225.0,-64.0
0.0,-239.0,-49.0
0.0,-222.0,-66.0
0.0,-199.0,-74.0
0.0,-182.0,-77.0
0.0,-227.0,-93.0
0.0,-199.0,-98.0
0.0,-163.0,-99.0
0.0,-118.0,-111.0
0.0,-87.0,-106.0
0.0,-81.0,-88.0
0.0,-84.0,-91.0
0.0,-85.0,-89.0
0.0,-85.0,-88.0
0.0,-83.0,-86.0
0.0,-84.0,-86.0
0.0,-85.0,-85.0
0.0,-87.0,-83.0
0.0,-90.0,-89.0
0.0,-86.0,-110.0
0.0,-81.0,-116.0
0.0,-123.0,-123.0
0.0,-109.0,-133.0
0.0,-121.0,-144.0
0.0,-104.0,-143.0
0.0,20.0,-30.0
0.0,-19.0,-26.0
0.0,-11.0,-42.0
0.0,11.0,-41.0
0.0,-5.0,-10.0
0.0,-20.0,10.0
0.0,394.0,18.0
0.0,427.0,27.0
0.0,-338.0,40.0
0.0,-384.0,41.0
0.0,-391.0,35.0
0.0,340.0,-65.0
0.0,-385.0,21.0
0.0,-1.0,1.0
0.0,-1.0,1.0
0.0,-2.0,1.0
0.0,-11.0,1.0
0.0,-20.0,2.0
0.0,-25.0,5.0
0.0,-28.0,8.0
0.0,-34.0,10.0
0.0,-35.0,6.0
0.0,-29.0,0.0
0.0,-34.0,0.0
0.0,-28.0,-1.0
0.0,-36.0,-1.0
0.0,-34.0,5.0
0.0,-35.0,7.0
0.0,-35.0,7.0
0.0,-37.0,10.0
0.0,-40.0,15.0
0.0,-41.0,16.0
0.0,-38.0,16.0
0.0,-40.0,14.0
0.0,-42.0,15.0
0.0,-44.0,16.0
0.0,-47.0,17.0
0.0,-47.0,18.0
0.0,-47.0,19.0
0.0,-45.0,18.0
0.0,-45.0,18.0
0.0,-42.0,18.0
0.0,-43.0,18.0
0.0,-44.0,19.0
0.0,-43.0,18.0
0.0,-42.0,19.0
0.0,-42.0,19.0
0.0,-57.0,14.0
0.0,-42.0,20.0
0.0,-42.0,19.0
0.0,-42.0,18.0
0.0,-60.0,11.0
0.0,-61.0,9.0
0.0,-61.0,7.0
0.0,-11.0,-7.0
0.0,-13.0,-9.0
0.0,-12.0,-13.0
0.0,-80.0,-10.0
0.0,-77.0,-12.0
0.0,-76.0,-13.0
0.0,-14.0,-27.0
0.0,-7.0,-35.0
0.0,-71.0,-37.0
0.0,-66.0,-45.0
0.0,-69.0,-53.0
0.0,18.0,-61.0
0.0,20.0,-62.0
0.0,20.0,-65.0
0.0,23.0,-69.0
0.0,35.0,-75.0
0.0,29.0,-74.0
0.0,62.0,-87.0
0.0,64.0,-84.0
0.0,65.0,-66.0
0.0,88.0,-66.0
0.0,119.0,-70.0
0.0,13.0,-45.0
0.0,144.0,-6.0
0.0,251.0,-50.0
0.0,272.0,-47.0
0.0,164.0,5.0
0.0,147.0,-3.0
0.0,153.0,-8.0
0.0,151.0,40.0
0.0,142.0,15.0
0.0,174.0,7.0
0.0,164.0,19.0
0.0,341.0,43.0
0.0,-441.0,-208.0
0.0,-61.0,97.0
0.0,-441.0,-204.0
0.0,-440.0,-200.0
0.0,-440.0,-200.0
0.0,-441.0,-200.0
0.0,471.0,-78.0
0.0,-442.0,-200.0
0.0,-442.0,-200.0
0.0,-442.0,-200.0
0.0,-442.0,-199.0
0.0,-126.0,54.0
0.0,-178.0,42.0
0.0,-76.0,74.0
0.0,-56.0,51.0
0.0,-36.0,42.0
0.0,-24.0,26.0
0.0,-16.0,-30.0
0.0,-32.0,-50.0
0.0,16.0,26.0
0.0,21.0,31.0
0.0,56.0,19.0
0.0,-40.0,-3.0
0.0,-36.0,78.0
0.0,-72.0,68.0
0.0,-92.0,67.0
0.0,-107.0,69.0
0.0,-114.0,74.0
0.0,-159.0,49.0
0.0,-161.0,43.0
0.0,-166.0,54.0
0.0,-172.0,53.0
0.0,-183.0,29.0
0.0,-183.0,40.0
0.0,-175.0,52.0
0.0,-178.0,50.0
0.0,-176.0,58.0
0.0,-172.0,63.0
0.0,-167.0,77.0
0.0,-173.0,76.0
0.0,-174.0,78.0
0.0,-178.0,80.0
0.0,-185.0,68.0
0.0,-182.0,73.0
0.0,-181.0,75.0
0.0,-181.0,77.0
0.0,-181.0,78.0
0.0,-182.0,73.0
0.0,-184.0,74.0
0.0,-183.0,73.0
0.0,-184.0,74.0
0.0,-181.0,75.0
0.0,-160.0,93.0
0.0,-158.0,101.0
0.0,-144.0,108.0
0.0,-139.0,83.0
0.0,-107.0,113.0
0.0,-111.0,81.0
0.0,-104.0,94.0
0.0,-100.0,85.0
0.0,-111.0,85.0
0.0,-121.0,85.0
0.0,-113.0,110.0
0.0,-111.0,114.0
0.0,-103.0,122.0
0.0,-106.0,109.0
0.0,-86.0,80.0
0.0,-77.0,78.0
0.0,-56.0,73.0
0.0,0.0,31.0
0.0,113.0,-4.0
0.0,80.0,-62.0
0.0,-13.0,-76.0
0.0,79.0,-84.0
0.0,-51.0,-112.0
0.0,-14.0,-120.0
0.0,22.0,-95.0
0.0,51.0,-69.0
0.0,196.0,-87.0
0.0,217.0,-65.0
0.0,215.0,-63.0
0.0,123.0,-74.0
0.0,194.0,-53.0
0.0,97.0,-36.0
0.0,44.0,34.0
0.0,14.0,74.0
0.0,-136.0,48.0
0.0,-159.0,57.0
0.0,-169.0,47.0
0.0,-175.0,49.0
0.0,-181.0,61.0
0.0,-187.0,78.0
0.0,-211.0,-13.0
0.0,-196.0,78.0
0.0,-278.0,-44.0
0.0,-191.0,80.0
0.0,-188.0,83.0
0.0,-187.0,45.0
0.0,-207.0,-2.0
0.0,-181.0,85.0
0.0,-179.0,86.0
0.0,-177.0,54.0
0.0,-173.0,87.0
0.0,-172.0,60.0
0.0,409.0,-100.0
0.0,-160.0,97.0
0.0,-162.0,101.0
0.0,391.0,-111.0
0.0,386.0,-72.0
0.0,113.0,-26.0
0.0,404.0,-40.0
0.0,402.0,-60.0
0.0,352.0,-123.0
0.0,327.0,-128.0
0.0,210.0,-28.0
0.0,218.0,-26.0
0.0,124.0,-32.0
0.0,67.0,-58.0
0.0,230.0,-36.0
0.0,244.0,-30.0
0.0,276.0,-49.0
0.0,274.0,-44.0
0.0,272.0,-35.0
0.0,285.0,-62.0
0.0,289.0,-48.0
0.0,319.0,-39.0
0.0,329.0,-36.0
0.0,274.0,7.0
0.0,283.0,-4.0
0.0,263.0,-12.0
0.0,307.0,-24.0
0.0,-31.0,-14.0
0.0,-20.0,-20.0
0.0,181.0,-4.0
0.0,35.0,-10.0
0.0,9.0,-3.0
0.0,3.0,-7.0
0.0,-4.0,-7.0
0.0,-2.0,-12.0
0.0,-9.0,-11.0
0.0,1.0,-11.0
0.0,1.0,0.0
0.0,-2.0,-1.0
0.0,-3.0,6.0
0.0,3.0,12.0
0.0,4.0,7.0
0.0,5.0,8.0
0.0,5.0,10.0
0.0,4.0,9.0
0.0,10.0,8.0
0.0,6.0,10.0
0.0,6.0,13.0
0.0,3.0,14.0
0.0,3.0,15.0
0.0,3.0,15.0
0.0,-13.0,18.0
0.0,-15.0,18.0
0.0,-13.0,18.0
0.0,2.0,18.0
0.0,3.0,19.0
0.0,5.0,20.0
0.0,8.0,21.0
0.0,22.0,23.0
0.0,22.0,23.0
0.0,22.0,22.0
0.0,23.0,22.0
0.0,25.0,22.0
0.0,27.0,22.0
0.0,30.0,27.0
0.0,31.0,28.0
0.0,30.0,30.0
0.0,32.0,33.0
0.0,34.0,34.0
0.0,34.0,37.0
0.0,41.0,42.0
0.0,44.0,42.0
0.0,46.0,45.0
0.0,47.0,46.0
0.0,53.0,50.0
0.0,63.0,45.0
0.0,36.0,50.0
0.0,44.0,51.0
0.0,41.0,52.0
0.0,42.0,54.0
0.0,275.0,64.0
0.0,273.0,62.0
0.0,292.0,49.0
0.0,296.0,54.0
0.0,297.0,55.0
0.0,297.0,55.0
0.0,286.0,46.0
0.0,283.0,41.0
0.0,286.0,39.0
0.0,285.0,37.0
0.0,280.0,41.0
0.0,288.0,31.0
0.0,283.0,33.0
0.0,285.0,34.0
0.0,286.0,34.0
0.0,284.0,32.0
0.0,280.0,28.0
0.0,277.0,28.0
0.0,278.0,29.0
0.0,269.0,26.0
0.0,273.0,23.0
0.0,282.0,18.0
0.0,276.0,18.0
0.0,267.0,25.0
0.0,270.0,19.0
0.0,269.0,24.0
0.0,276.0,18.0
0.0,276.0,18.0
0.0,278.0,16.0
0.0,271.0,22.0
0.0,278.0,11.0
0.0,283.0,5.0
0.0,291.0,-9.0
0.0,263.0,19.0
0.0,267.0,19.0
0.0,270.0,17.0
0.0,264.0,21.0
0.0,254.0,18.0
0.0,262.0,27.0
0.0,260.0,25.0
0.0,259.0,21.0
0.0,265.0,15.0
0.0,273.0,13.0
0.0,273.0,16.0
0.0,276.0,13.0
0.0,308.0,-21.0
0.0,317.0,-41.0
0.0,291.0,-10.0
0.0,289.0,0.0
0.0,293.0,-7.0
0.0,284.0,6.0
0.0,283.0,1.0
0.0,287.0,-16.0
0.0,260.0,14.0
0.0,255.0,10.0
0.0,246.0,40.0
0.0,259.0,21.0
0.0,262.0,20.0
0.0,261.0,16.0
0.0,254.0,7.0
0.0,257.0,10.0
0.0,254.0,27.0
0.0,254.0,23.0
0.0,247.0,15.0
0.0,244.0,15.0
0.0,252.0,13.0
0.0,259.0,18.0
0.0,259.0,20.0
0.0,253.0,7.0
0.0,226.0,36.0
0.0,222.0,35.0
0.0,222.0,37.0
0.0,227.0,33.0
0.0,223.0,30.0
0.0,213.0,26.0
0.0,216.0,19.0
0.0,250.0,-14.0
0.0,251.0,-10.0
0.0,257.0,-21.0
0.0,226.0,21.0
0.0,233.0,30.0
0.0,240.0,18.0
0.0,223.0,38.0
0.0,235.0,14.0
0.0,245.0,25.0
0.0,224.0,31.0
0.0,224.0,8.0
0.0,255.0,8.0
0.0,268.0,18.0
0.0,259.0,33.0
0.0,252.0,35.0
0.0,255.0,25.0
0.0,268.0,27.0
0.0,265.0,28.0
0.0,263.0,26.0
0.0,265.0,27.0
0.0,259.0,24.0
0.0,260.0,20.0
0.0,263.0,22.0
0.0,264.0,12.0
0.0,254.0,21.0
0.0,259.0,13.0
0.0,247.0,0.0
0.0,237.0,-6.0
0.0,240.0,34.0
0.0,230.0,36.0
0.0,204.0,27.0
0.0,198.0,26.0
0.0,192.0,27.0
0.0,198.0,16.0
0.0,186.0,30.0
0.0,192.0,26.0
0.0,199.0,16.0
0.0,198.0,14.0
0.0,191.0,21.0
0.0,192.0,19.0
0.0,192.0,19.0
0.0,201.0,8.0
0.0,200.0,8.0
0.0,201.0,9.0
0.0,187.0,20.0
0.0,200.0,39.0
0.0,179.0,18.0
0.0,180.0,20.0
0.0,180.0,21.0
0.0,180.0,15.0
0.0,180.0,15.0
0.0,179.0,16.0
0.0,181.0,16.0
0.0,180.0,19.0
0.0,180.0,18.0
0.0,179.0,16.0
0.0,180.0,16.0
0.0,180.0,17.0
0.0,178.0,16.0
0.0,184.0,14.0
0.0,187.0,15.0
0.0,207.0,38.0
0.0,239.0,22.0
0.0,237.0,48.0
0.0,217.0,52.0
0.0,193.0,52.0
0.0,169.0,52.0
0.0,192.0,38.0
0.0,191.0,45.0
0.0,194.0,44.0
0.0,192.0,45.0
0.0,198.0,40.0
0.0,195.0,38.0
0.0,173.0,61.0
0.0,147.0,52.0
0.0,151.0,52.0
0.0,162.0,58.0
0.0,156.0,55.0
0.0,167.0,58.0
0.0,164.0,56.0
0.0,166.0,64.0
0.0,174.0,53.0
0.0,167.0,52.0
0.0,169.0,33.0
0.0,169.0,35.0
0.0,176.0,35.0
0.0,253.0,-131.0
0.0,164.0,36.0
0.0,180.0,46.0
0.0,190.0,22.0
0.0,250.0,-141.0
0.0,181.0,33.0
0.0,194.0,18.0
0.0,266.0,-141.0
0.0,201.0,6.0
0.0,132.0,211.0
0.0,202.0,32.0
0.0,209.0,42.0
0.0,210.0,47.0
0.0,218.0,37.0
0.0,222.0,30.0
0.0,220.0,45.0
0.0,227.0,32.0
0.0,232.0,36.0
0.0,238.0,23.0
0.0,244.0,28.0
0.0,253.0,18.0
0.0,326.0,-42.0
0.0,268.0,8.0
0.0,281.0,16.0
0.0,283.0,15.0
0.0,276.0,9.0
0.0,278.0,9.0
0.0,279.0,2.0
0.0,314.0,-25.0
0.0,307.0,-24.0
0.0,322.0,-36.0
0.0,317.0,-34.0
0.0,311.0,-35.0
0.0,298.0,-51.0
0.0,238.0,0.0
0.0,216.0,32.0
0.0,250.0,-3.0
0.0,289.0,-32.0
0.0,215.0,33.0
0.0,217.0,27.0
0.0,207.0,30.0
0.0,207.0,30.0
0.0,217.0,28.0
0.0,241.0,-14.0
0.0,211.0,26.0
0.0,209.0,24.0
0.0,188.0,24.0
0.0,162.0,7.0
0.0,120.0,11.0
0.0,52.0,19.0
0.0,-41.0,37.0
0.0,-92.0,21.0
0.0,-139.0,9.0
0.0,-86.0,55.0
0.0,308.0,67.0
0.0,-10.0,4.0
0.0,-10.0,4.0
0.0,-17.0,7.0
0.0,-17.0,9.0
0.0,-20.0,10.0
0.0,-19.0,17.0
0.0,-23.0,15.0
0.0,-25.0,14.0
0.0,-31.0,12.0
0.0,-29.0,14.0
0.0,-28.0,15.0
0.0,-32.0,17.0
0.0,-30.0,20.0
0.0,-31.0,20.0
0.0,-33.0,19.0
0.0,-44.0,16.0
0.0,-44.0,16.0
0.0,-41.0,15.0
0.0,-39.0,13.0
0.0,-21.0,9.0
0.0,-24.0,-1.0
0.0,-8.0,-3.0
0.0,-8.0,-4.0
0.0,-8.0,-4.0
0.0,-8.0,-3.0
0.0,-8.0,-2.0
0.0,-6.0,-2.0
0.0,-6.0,0.0
0.0,-7.0,1.0
0.0,-7.0,1.0
0.0,-7.0,2.0
0.0,-11.0,-2.0
0.0,-28.0,2.0
0.0,-9.0,4.0
0.0,0.0,10.0
0.0,-13.0,3.0
0.0,-12.0,1.0
0.0,-9.0,-3.0
0.0,-13.0,-4.0
0.0,-17.0,-4.0
0.0,-24.0,0.0
0.0,-233.0,-2.0
0.0,-92.0,17.0
0.0,-72.0,5.0
0.0,-78.0,8.0
0.0,-70.0,5.0
0.0,-55.0,-3.0
0.0,-48.0,-4.0
0.0,-46.0,-2.0
0.0,-46.0,-3.0
0.0,-46.0,-4.0
0.0,-44.0,-5.0
0.0,-39.0,-9.0
0.0,-37.0,-8.0
0.0,-41.0,-14.0
0.0,-286.0,-44.0
0.0,-279.0,-50.0
0.0,-287.0,-50.0
0.0,-290.0,-51.0
0.0,-292.0,-52.0
0.0,-293.0,-54.0
0.0,-295.0,-57.0
0.0,-296.0,-58.0
0.0,-299.0,-57.0
0.0,-247.0,-25.0
0.0,-292.0,-70.0
0.0,-292.0,-58.0
0.0,-276.0,-74.0
0.0,-265.0,-97.0
0.0,367.0,10.0
0.0,371.0,5.0
0.0,375.0,11.0
0.0,484.0,-101.0
0.0,468.0,-100.0
0.0,-523.0,-7.0
0.0,-505.0,15.0
0.0,-251.0,15.0
0.0,-232.0,9.0
0.0,-195.0,21.0
0.0,-95.0,25.0
0.0,-76.0,22.0
0.0,-84.0,23.0
0.0,-239.0,-4.0
0.0,-238.0,7.0
0.0,-105.0,40.0
0.0,-347.0,6.0
0.0,-112.0,52.0
0.0,-100.0,58.0
0.0,-361.0,13.0
0.0,-307.0,41.0
0.0,-345.0,48.0
0.0,-348.0,59.0
0.0,-640.0,360.0
0.0,12.0,-12.0
0.0,4.0,-14.0
0.0,7.0,-15.0
0.0,6.0,-15.0
0.0,246.0,-142.0
0.0,192.0,-68.0
0.0,167.0,14.0
0.0,155.0,51.0
0.0,-607.0,-105.0
0.0,-22.0,-42.0
0.0,-24.0,-41.0
0.0,-27.0,-41.0
0.0,-28.0,-40.0
0.0,-30.0,-38.0
0.0,-32.0,-32.0
0.0,-34.0,-28.0
0.0,-35.0,-27.0
0.0,-35.0,-11.0
0.0,373.0,-92.0
0.0,-284.0,-133.0
0.0,-192.0,-86.0
0.0,9.0,-72.0
0.0,13.0,-31.0
0.0,31.0,-35.0
0.0,-158.0,-46.0
0.0,-152.0,-49.0
0.0,-173.0,-42.0
0.0,-177.0,-46.0
0.0,-171.0,-43.0
0.0,-172.0,-43.0
0.0,-267.0,-100.0
0.0,-297.0,-87.0
0.0,-297.0,-87.0
0.0,-296.0,-82.0
0.0,-296.0,-83.0
0.0,-296.0,-83.0
0.0,-296.0,-83.0
0.0,-298.0,-81.0
0.0,-298.0,-81.0
0.0,-298.0,-81.0
0.0,-299.0,-81.0
0.0,-298.0,-81.0
0.0,-298.0,-80.0
0.0,-298.0,-80.0
0.0,-297.0,-80.0
0.0,-287.0,-70.0
0.0,-286.0,-70.0
0.0,-280.0,-69.0
0.0,-290.0,-51.0
0.0,-281.0,-46.0
0.0,423.0,2.0
0.0,429.0,-7.0
0.0,367.0,23.0
0.0,-280.0,-182.0
0.0,-280.0,-183.0
0.0,-280.0,-183.0
0.0,-279.0,-186.0
0.0,-280.0,-186.0
0.0,-280.0,-186.0
0.0,-279.0,-185.0
0.0,-279.0,-192.0
0.0,-280.0,-193.0
0.0,-276.0,-214.0
0.0,-289.0,-246.0
0.0,-290.0,-246.0
0.0,-287.0,-245.0
0.0,53.0,108.0
0.0,53.0,107.0
0.0,-305.0,-238.0
0.0,116.0,74.0
0.0,-40.0,144.0
0.0,-40.0,144.0
0.0,-43.0,171.0
0.0,-43.0,169.0
0.0,-40.0,144.0
0.0,-41.0,145.0
0.0,-43.0,145.0
0.0,-43.0,145.0
0.0,-47.0,168.0
0.0,-39.0,179.0
0.0,-36.0,181.0
0.0,148.0,-250.0
0.0,176.0,-105.0
0.0,253.0,20.0
0.0,183.0,33.0
0.0,159.0,-39.0
0.0,199.0,-54.0
0.0,178.0,80.0
0.0,184.0,80.0
0.0,186.0,81.0
0.0,182.0,84.0
0.0,180.0,84.0
0.0,176.0,84.0
0.0,172.0,83.0
0.0,168.0,84.0
0.0,167.0,83.0
0.0,167.0,83.0
0.0,170.0,83.0
0.0,174.0,83.0
0.0,175.0,83.0
0.0,158.0,78.0
0.0,167.0,82.0
0.0,160.0,80.0
0.0,179.0,113.0
0.0,162.0,116.0
0.0,129.0,156.0
0.0,122.0,-258.0
0.0,10.0,116.0
0.0,19.0,107.0
0.0,-7.0,82.0
0.0,-25.0,72.0
0.0,-40.0,67.0
0.0,-48.0,64.0
0.0,-5.0,-75.0
0.0,-7.0,-75.0
0.0,-17.0,-79.0
0.0,-58.0,61.0
0.0,-54.0,62.0
0.0,-45.0,70.0
0.0,-32.0,72.0
0.0,-9.0,97.0
0.0,23.0,111.0
0.0,64.0,147.0
0.0,87.0,141.0
0.0,123.0,146.0
0.0,130.0,70.0
0.0,163.0,63.0
0.0,203.0,60.0
0.0,304.0,104.0
0.0,333.0,105.0
0.0,397.0,-67.0
0.0,407.0,-67.0
0.0,416.0,-72.0
0.0,423.0,-74.0
0.0,424.0,-73.0
0.0,440.0,-240.0
0.0,386.0,108.0
0.0,367.0,112.0
0.0,343.0,119.0
0.0,313.0,119.0
0.0,248.0,91.0
0.0,233.0,93.0
0.0,202.0,88.0
0.0,156.0,156.0
0.0,115.0,149.0
0.0,68.0,146.0
0.0,39.0,70.0
0.0,14.0,58.0
0.0,-5.0,50.0
0.0,-23.0,42.0
0.0,-37.0,38.0
0.0,-45.0,35.0
0.0,-34.0,-74.0
0.0,-36.0,-69.0
0.0,-49.0,35.0
0.0,-44.0,45.0
0.0,-19.0,47.0
0.0,-1.0,54.0
0.0,25.0,67.0
0.0,50.0,74.0
0.0,81.0,148.0
0.0,108.0,153.0
0.0,161.0,158.0
0.0,174.0,75.0
0.0,199.0,79.0
0.0,225.0,81.0
0.0,264.0,96.0
0.0,296.0,113.0
0.0,314.0,111.0
0.0,324.0,113.0
0.0,326.0,114.0
0.0,321.0,129.0
0.0,308.0,129.0
0.0,280.0,113.0
0.0,259.0,112.0
0.0,240.0,113.0
0.0,212.0,173.0
0.0,174.0,163.0
0.0,163.0,139.0
0.0,140.0,134.0
0.0,107.0,146.0
0.0,81.0,154.0
0.0,63.0,86.0
0.0,51.0,84.0
0.0,42.0,78.0
0.0,31.0,79.0
0.0,23.0,80.0
0.0,21.0,84.0
0.0,19.0,84.0
0.5,-34.0,1.0
1.0,-46.0,-7.0
1.5,-11.0,-12.0
2.0,-5.0,-11.0
2.5,-10.0,-11.0
3.0,-9.0,-10.0
3.5,-9.0,-10.0
0.0,-640.0,360.0
0.0,-50.0,-112.0
0.0,-68.0,-122.0
0.0,-74.0,-113.0
0.0,-35.0,-86.0
0.0,2.0,-109.0
0.0,-21.0,-129.0
0.0,77.0,-135.0
0.0,151.0,-136.0
0.0,462.0,-232.0
0.0,470.0,-223.0
0.0,-441.0,-62.0
0.0,-448.0,-62.0
0.0,-443.0,-59.0
0.0,-454.0,-72.0
0.0,-424.0,-38.0
0.0,-448.0,-39.0
0.0,-459.0,-22.0
0.0,-426.0,-89.0
0.0,-402.0,-86.0
0.0,-367.0,-75.0
0.0,-361.0,-75.0
0.0,-368.0,-79.0
0.0,-362.0,-79.0
0.0,-360.0,-79.0
0.0,-358.0,-80.0
0.0,-354.0,-84.0
0.0,-350.0,-83.0
0.0,-346.0,-81.0
0.0,-322.0,-65.0
0.0,-286.0,-77.0
0.0,-285.0,-75.0
0.0,-278.0,-73.0
0.0,-277.0,-72.0
0.0,-324.0,-55.0
0.0,-331.0,-48.0
0.0,-317.0,-53.0
0.0,-280.0,-29.0
0.0,-285.0,65.0
0.0,-225.0,-19.0
0.0,357.0,-216.0
0.0,360.0,-218.0
0.0,358.0,-218.0
0.0,359.0,-216.0
0.0,359.0,-213.0
0.0,359.0,-213.0
0.0,359.0,-213.0
0.0,360.0,-212.0
0.0,362.0,-222.0
0.0,361.0,-221.0
0.0,361.0,-221.0
0.0,361.0,-221.0
0.0,361.0,-221.0
0.0,361.0,-221.0
0.0,360.0,-221.0
0.0,364.0,-227.0
0.0,365.0,-228.0
0.0,367.0,-229.0
0.0,365.0,-228.0
0.0,365.0,-228.0
0.0,356.0,-224.0
0.0,350.0,-223.0
0.0,346.0,-225.0
0.0,-311.0,55.0
0.0,-228.0,59.0
0.0,-449.0,51.0
0.0,-454.0,48.0
0.0,-452.0,46.0
0.0,-448.0,47.0
0.0,-444.0,49.0
0.0,-442.0,50.0
0.0,-441.0,49.0
0.0,-435.0,45.0
0.0,-421.0,48.0
0.0,-310.0,63.0
0.0,-288.0,74.0
0.0,-265.0,70.0
0.0,-257.0,69.0
0.0,-274.0,96.0
0.0,-275.0,74.0
0.0,-276.0,106.0
0.0,-275.0,136.0
0.0,-291.0,134.0
0.0,-291.0,136.0
0.0,-292.0,137.0
0.0,-291.0,138.0
0.0,-295.0,141.0
0.0,-296.0,142.0
0.0,-296.0,144.0
0.0,-300.0,145.0
0.0,-332.0,186.0
0.0,-325.0,141.0
0.0,-339.0,187.0
0.0,-335.0,187.0
0.0,-343.0,190.0
0.0,-239.0,54.0
0.0,-242.0,54.0
0.0,-217.0,82.0
0.0,-248.0,100.0
0.0,-250.0,116.0
0.0,-333.0,199.0
0.0,-496.0,-142.0
0.0,-393.0,18.0
0.0,-376.0,-36.0
0.0,-377.0,-39.0
0.0,-385.0,-10.0
0.0,-283.0,53.0
0.0,-283.0,58.0
0.0,-447.0,-118.0
0.0,-433.0,-115.0
0.0,-372.0,-59.0
0.0,-367.0,-43.0
0.0,-429.0,-107.0
0.0,-525.0,-271.0
0.0,-310.0,132.0
0.0,-266.0,23.0
0.0,-248.0,-26.0
0.0,-253.0,-46.0
0.0,-318.0,76.0
0.0,-252.0,-74.0
0.0,-257.0,-102.0
0.0,-252.0,-91.0
0.0,-278.0,-109.0
0.0,-292.0,-128.0
0.0,-362.0,269.0
0.0,-365.0,-212.0
0.0,-363.0,-192.0
0.0,-365.0,-183.0
0.0,-365.0,-200.0
0.0,-399.0,-219.0
0.0,-416.0,-208.0
0.0,-321.0,220.0
0.0,-365.0,-152.0
0.0,-399.0,-141.0
0.0,-400.0,-157.0
0.0,-401.0,-177.0
0.0,-401.0,-187.0
0.0,-399.0,-191.0
0.0,-398.0,-194.0
0.0,-397.0,-196.0
0.0,-395.0,-199.0
0.0,-395.0,-199.0
0.0,-395.0,-199.0
0.0,-394.0,-198.0
0.0,-393.0,-199.0
0.0,-394.0,-197.0
0.0,-394.0,-196.0
0.0,-394.0,-197.0
0.0,-394.0,-197.0
0.0,-393.0,-197.0
0.0,-394.0,-198.0
0.0,-397.0,-197.0
0.0,-397.0,-198.0
0.0,-396.0,-198.0
0.0,-396.0,-187.0
0.0,-380.0,-161.0
0.0,-372.0,-148.0
0.0,-366.0,-143.0
0.0,-367.0,-142.0
0.0,-366.0,-142.0
0.0,-365.0,-143.0
0.0,-364.0,-143.0
0.0,-364.0,-143.0
0.0,-364.0,-144.0
0.0,-365.0,-142.0
0.0,-366.0,-137.0
0.0,-368.0,-134.0
0.0,-377.0,-133.0
0.0,-376.0,-131.0
0.0,-377.0,-126.0
0.0,-357.0,-98.0
0.0,-356.0,-78.0
0.0,-363.0,38.0
0.0,-361.0,49.0
0.0,-293.0,150.0
0.0,-293.0,157.0
0.0,-358.0,74.0
0.0,-307.0,179.0
0.0,-404.0,82.0
0.0,-392.0,37.0
0.0,-391.0,14.0
0.0,-397.0,8.0
0.0,-405.0,-6.0
0.0,-397.0,-13.0
0.0,-394.0,-16.0
0.0,-392.0,-17.0
0.0,-387.0,-18.0
0.0,-383.0,-15.0
0.0,-391.0,11.0
0.0,-391.0,16.0
0.0,-412.0,23.0
0.0,-403.0,6.0
0.0,-381.0,3.0
0.0,-390.0,22.0
0.0,-391.0,22.0
0.0,-410.0,28.0
0.0,-412.0,30.0
0.0,-409.0,24.0
0.0,-407.0,20.0
0.0,-407.0,21.0
0.0,-407.0,21.0
0.0,-393.0,-6.0
0.0,-403.0,9.0
0.0,-403.0,9.0
0.0,-403.0,9.0
0.0,-403.0,9.0
0.0,-404.0,10.0
0.0,-399.0,8.0
0.0,-398.0,8.0
0.0,-392.0,-9.0
0.0,-393.0,-9.0
0.0,-392.0,-7.0
0.0,-397.0,-6.0
0.0,-398.0,-6.0
0.0,-401.0,-4.0
0.0,-402.0,-13.0
0.0,-403.0,-12.0
0.0,-405.0,-13.0
0.0,-405.0,-13.0
0.0,-417.0,108.0
0.0,-420.0,112.0
0.0,-420.0,117.0
0.0,-421.0,118.0
0.0,-423.0,119.0
0.0,-425.0,125.0
0.0,-431.0,134.0
0.0,-433.0,136.0
0.0,-438.0,184.0
0.0,-444.0,186.0
0.0,-445.0,186.0
0.0,-448.0,188.0
0.0,-452.0,189.0
0.0,-489.0,177.0
0.0,-95.0,-85.0
0.0,-494.0,177.0
0.0,-482.0,184.0
0.0,-485.0,185.0
0.0,585.0,-166.0
0.0,578.0,-154.0
0.0,601.0,-176.0
0.0,-115.0,-97.0
0.0,-120.0,-100.0
0.0,-123.0,-113.0
0.0,-124.0,-121.0
0.0,-126.0,-123.0
0.0,-127.0,-126.0
0.0,-124.0,-119.0
0.0,-120.0,-117.0
0.0,-106.0,-112.0
0.0,-105.0,-99.0
0.0,-257.0,-90.0
0.0,-370.0,-26.0
0.0,-391.0,-58.0
0.0,-391.0,-56.0
0.0,-376.0,-58.0
0.0,-376.0,-60.0
0.0,-371.0,-63.0
0.0,-373.0,-69.0
0.0,-372.0,-70.0
0.0,-371.0,-72.0
0.0,-370.0,-74.0
0.0,-370.0,-73.0
0.0,-370.0,-73.0
0.0,-370.0,-73.0
0.0,-369.0,-71.0
0.0,-368.0,-75.0
0.0,-337.0,-86.0
0.0,-300.0,-93.0
0.0,-288.0,-101.0
0.0,-462.0,120.0
0.0,-465.0,124.0
0.0,-288.0,-103.0
0.0,-290.0,-95.0
0.0,-326.0,-164.0
0.0,-354.0,-221.0
0.0,-341.0,-195.0
0.0,-409.0,-49.0
0.0,-429.0,-24.0
0.0,-292.0,-99.0
0.0,-409.0,-32.0
0.0,-417.0,-29.0
0.0,-413.0,-32.0
0.0,-411.0,-33.0
0.0,-491.0,28.0
0.0,-491.0,29.0
0.0,-455.0,-41.0
0.0,-400.0,-97.0
0.0,-408.0,-126.0
0.0,-464.0,-91.0
0.0,-466.0,-83.0
0.0,-466.0,-25.0
0.0,-468.0,-20.0
0.0,-415.0,-60.0
0.0,-400.0,-67.0
0.0,-419.0,-49.0
0.0,-428.0,-58.0
0.0,-408.0,-93.0
0.0,-430.0,-79.0
0.0,-436.0,-97.0
0.0,-434.0,-124.0
0.0,-439.0,-130.0
0.0,-438.0,-134.0
0.0,-426.0,-123.0
0.0,-424.0,-68.0
0.0,-420.0,2.0
0.0,-409.0,-21.0
0.0,-448.0,-112.0
0.0,-437.0,-46.0
0.0,-429.0,-80.0
0.0,-433.0,-75.0
0.0,-436.0,-79.0
0.0,-441.0,-79.0
0.0,-439.0,-66.0
0.0,-439.0,-74.0
0.0,-434.0,-136.0
0.0,-432.0,-128.0
0.0,-430.0,-122.0
0.0,-434.0,-103.0
0.0,-439.0,-92.0
0.0,-438.0,-85.0
0.0,-439.0,-78.0
0.0,277.0,-52.0
0.0,364.0,-121.0
0.0,320.0,-112.0
0.0,330.0,-71.0
0.0,335.0,-87.0
0.0,322.0,-85.0
0.0,295.0,-58.0
0.0,-458.0,0.0
0.0,-433.0,10.0
0.0,-428.0,30.0
0.0,-402.0,19.0
0.0,-385.0,2.0
0.0,-359.0,11.0
0.0,-354.0,-21.0
0.0,-355.0,-21.0
0.0,-349.0,-35.0
0.0,-344.0,-44.0
0.0,-358.0,-32.0
0.0,-358.0,-41.0
0.0,-358.0,-42.0
0.0,-359.0,-42.0
0.0,-358.0,-40.0
0.0,-343.0,-51.0
0.0,-340.0,-41.0
0.0,-305.0,-25.0
0.0,-335.0,-49.0
0.0,-333.0,-53.0
0.0,-331.0,-53.0
0.0,-331.0,-53.0
0.0,-332.0,-55.0
0.5,-34.0,1.0
1.0,-46.0,-7.0
1.5,-11.0,-12.0
2.0,-5.0,-11.0
2.5,-10.0,-11.0
3.0,-9.0,-10.0
3.5,-9.0,-10.0
4.0,-9.0,-9.0
4.5,-9.0,-9.0
5.0,-9.0,-9.0
0.0,-640.0,360.0
0.0,-22.0,-48.0
0.0,-19.0,-55.0
0.0,-17.0,-57.0
0.0,-16.0,-58.0
0.0,37.0,-155.0
0.0,49.0,-197.0
0.0,380.0,-271.0
0.0,382.0,-271.0
0.0,384.0,-273.0
0.0,18.0,-127.0
0.0,578.0,-309.0
0.0,579.0,-310.0
0.0,281.0,194.0
0.0,244.0,217.0
0.0,463.0,-159.0
0.0,436.0,-156.0
0.0,364.0,-197.0
0.0,367.0,-177.0
0.0,337.0,-202.0
0.0,340.0,-201.0
0.0,153.0,-95.0
0.0,167.0,-124.0
0.0,196.0,-169.0
0.0,199.0,-167.0
0.0,200.0,-164.0
0.0,169.0,-117.0
0.0,200.0,-168.0
0.0,351.0,-239.0
0.0,354.0,-241.0
0.0,355.0,-245.0
0.0,352.0,-223.0
0.0,139.0,-153.0
0.0,-45.0,-101.0
0.0,107.0,-178.0
0.0,-21.0,-153.0
0.0,-44.0,-156.0
0.0,-381.0,173.0
0.0,-277.0,-26.0
0.0,-422.0,33.0
0.0,-408.0,27.0
0.0,-395.0,135.0
0.0,-395.0,248.0
0.0,25.0,-153.0
0.0,13.0,-139.0
0.0,-118.0,248.0
0.0,-119.0,-140.0
0.0,-10.0,-82.0
0.0,23.0,-121.0
0.0,48.0,-142.0
0.0,160.0,240.0
0.0,168.0,242.0
0.0,170.0,245.0
0.0,171.0,245.0
0.0,172.0,246.0
0.0,171.0,279.0
0.0,172.0,246.0
0.0,179.0,251.0
0.0,-528.0,-227.0
0.0,-492.0,-120.0
0.0,-406.0,-154.0
0.0,-288.0,-79.0
0.0,-187.0,-34.0
0.0,-135.0,-47.0
0.0,230.0,-142.0
0.0,304.0,-128.0
0.0,317.0,-24.0
0.0,419.0,-75.0
0.0,473.0,-73.0
0.0,549.0,-10.0
0.0,594.0,36.0
0.0,191.0,237.0
0.0,186.0,236.0
0.0,181.0,240.0
0.0,168.0,217.0
0.0,173.0,238.0
0.0,165.0,222.0
0.0,160.0,223.0
0.0,162.0,262.0
0.0,-602.0,-140.0
0.0,-583.0,-122.0
0.0,-577.0,-92.0
0.0,-571.0,-81.0
0.0,-567.0,-80.0
0.0,-563.0,-80.0
0.0,-563.0,-79.0
0.0,-258.0,-129.0
0.0,-208.0,-71.0
0.0,-220.0,-55.0
0.0,-147.0,-87.0
0.0,-186.0,-141.0
0.0,1.0,-74.0
0.0,142.0,-180.0
0.0,-561.0,-86.0
0.0,-561.0,-87.0
0.0,-561.0,-87.0
0.0,-558.0,-85.0
0.0,-553.0,-82.0
0.0,-549.0,-111.0
0.0,-542.0,-99.0
0.0,-536.0,-95.0
0.0,-536.0,-95.0
0.0,-44.0,-143.0
0.0,129.0,215.0
0.0,356.0,-233.0
0.0,353.0,-231.0
0.0,352.0,-230.0
0.0,359.0,-235.0
0.0,361.0,-236.0
0.0,362.0,-237.0
0.0,362.0,-236.0
0.0,363.0,-234.0
0.0,289.0,-237.0
0.0,195.0,-207.0
0.0,239.0,207.0
0.0,247.0,201.0
0.0,203.0,212.0
0.0,223.0,203.0
0.0,232.0,197.0
0.0,237.0,196.0
0.0,239.0,194.0
0.0,238.0,192.0
0.0,236.0,195.0
0.0,233.0,198.0
0.0,271.0,182.0
0.0,228.0,-220.0
0.0,171.0,-215.0
0.0,0.0,255.0
0.0,20.0,211.0
0.0,-26.0,74.0
0.0,-51.0,61.0
0.0,-71.0,26.0
0.0,-88.0,15.0
0.0,-107.0,7.0
0.0,-126.0,2.0
0.0,-136.0,1.0
0.0,-138.0,-7.0
0.0,-139.0,-8.0
0.0,-137.0,0.0
0.0,-122.0,0.0
0.0,-114.0,16.0
0.0,-75.0,-10.0
0.0,-50.0,4.0
0.0,-465.0,-63.0
0.0,-479.0,-37.0
0.0,-469.0,-54.0
0.0,-458.0,-71.0
0.0,-468.0,-111.0
0.0,-640.0,360.0
0.0,-8.0,-86.0
0.0,-9.0,-91.0
0.0,-9.0,-91.0
0.0,-9.0,-91.0
0.0,-33.0,-164.0
0.0,-246.0,-281.0
0.0,193.0,123.0
0.0,160.0,-241.0
0.0,-32.0,-143.0
0.0,-31.0,-142.0
0.0,-31.0,-142.0
0.0,-31.0,-144.0
0.0,-30.0,-145.0
0.0,-31.0,-142.0
0.0,163.0,-238.0
0.0,149.0,-244.0
0.0,138.0,-248.0
0.0,-60.0,138.0
0.0,179.0,140.0
0.0,291.0,-218.0
0.0,274.0,-149.0
0.0,58.0,-80.0
0.0,174.0,-51.0
0.0,48.0,-98.0
0.0,131.0,-66.0
0.0,22.0,-97.0
0.0,137.0,-71.0
0.0,257.0,-166.0
0.0,265.0,-168.0
0.0,185.0,-116.0
0.0,273.0,-161.0
0.0,309.0,-227.0
0.0,-640.0,360.0
0.0,-8.0,-86.0
0.0,-9.0,-90.0
0.0,-7.0,-92.0
0.0,-7.0,-92.0
0.0,-43.0,-121.0
0.0,-38.0,-147.0
0.0,163.0,-229.0
0.0,-429.0,-318.0
0.0,-427.0,-320.0
0.0,163.0,-237.0
0.0,148.0,-245.0
0.0,119.0,-270.0
0.0,-64.0,139.0
0.0,-69.0,138.0
0.0,-69.0,143.0
0.0,-74.0,147.0
0.0,-73.0,151.0
0.0,-73.0,151.0
0.0,-68.0,147.0
0.0,-22.0,-216.0
0.0,-55.0,184.0
0.0,84.0,-181.0
0.0,-10.0,216.0
0.0,92.0,-177.0
0.0,96.0,-177.0
0.0,105.0,-178.0
0.0,102.0,-187.0
0.0,107.0,-188.0
0.0,112.0,-190.0
0.0,107.0,-191.0
0.0,107.0,-192.0
0.0,110.0,-192.0
0.0,103.0,-191.0
0.0,103.0,-188.0
0.0,16.0,-214.0
0.0,86.0,-204.0
0.0,96.0,-206.0
0.0,205.0,-215.0
0.0,-567.0,-189.0
0.0,237.0,-256.0
0.0,-574.0,-186.0
0.0,-567.0,-166.0
0.0,-557.0,-166.0
0.0,-550.0,-182.0
0.0,-555.0,-166.0
0.0,-555.0,-167.0
0.0,-561.0,-178.0
0.0,297.0,-242.0
0.0,285.0,-250.0
0.0,281.0,-246.0
0.0,239.0,-224.0
0.0,240.0,-224.0
0.0,-59.0,102.0
0.0,228.0,-208.0
0.0,-76.0,200.0
0.0,254.0,-201.0
0.0,237.0,-196.0
0.0,240.0,-196.0
0.0,215.0,-209.0
0.0,216.0,-212.0
0.0,173.0,185.0
0.0,190.0,178.0
0.0,1.0,247.0
0.0,243.0,226.0
0.0,267.0,184.0
0.0,283.0,162.0
0.0,298.0,156.0
0.0,158.0,-191.0
0.0,171.0,-200.0
0.0,181.0,-193.0
0.0,188.0,-192.0
0.0,296.0,157.0
0.0,246.0,-14.0
0.0,237.0,-39.0
0.0,239.0,-49.0
0.0,224.0,-87.0
0.0,225.0,-81.0
0.0,154.0,-184.0
0.0,134.0,-191.0
0.0,128.0,-200.0
0.0,127.0,-203.0
0.0,118.0,-201.0
0.0,123.0,-201.0
0.0,152.0,-224.0
0.0,141.0,-224.0
0.0,86.0,254.0
0.0,15.0,233.0
0.0,-3.0,208.0
0.0,-27.0,121.0
0.0,-37.0,48.0
0.0,6.0,-22.0
0.0,-16.0,-37.0
0.0,-30.0,-48.0
0.0,-36.0,-66.0
0.0,-55.0,-57.0
0.0,-69.0,-56.0
0.0,-77.0,-57.0
0.0,-58.0,-75.0
0.0,-59.0,-75.0
0.0,-77.0,-57.0
0.0,-49.0,-79.0
0.0,-37.0,-77.0
0.0,-52.0,-123.0
0.0,-46.0,-123.0
0.0,-9.0,-48.0
0.0,2.0,-22.0
0.0,24.0,-22.0
0.0,28.0,23.0
0.0,38.0,10.0
0.0,57.0,7.0
0.0,-2.0,236.0
0.0,20.0,243.0
0.0,39.0,262.0
0.0,52.0,264.0
0.0,124.0,241.0
0.0,155.0,215.0
0.0,167.0,212.0
0.0,209.0,203.0
0.0,233.0,206.0
0.0,91.0,-194.0
0.0,140.0,-206.0
0.0,262.0,195.0
0.0,275.0,188.0
0.0,277.0,175.0
0.0,282.0,172.0
0.0,287.0,167.0
0.0,290.0,172.0
0.0,288.0,177.0
0.0,304.0,192.0
0.0,277.0,213.0
0.0,255.0,209.0
0.0,240.0,213.0
0.0,189.0,239.0
0.0,157.0,241.0
0.0,106.0,260.0
0.0,40.0,221.0
0.0,-10.0,148.0
0.0,26.0,5.0
0.0,-4.0,-3.0
0.0,-18.0,-39.0
0.0,-50.0,-58.0
0.0,-55.0,-63.0
0.0,-79.0,-56.0
0.0,-89.0,-66.0
0.0,-241.0,15.0
0.0,-104.0,-60.0
0.0,-231.0,-3.0
0.0,207.0,-223.0
0.0,-149.0,-134.0
0.0,-40.0,-71.0
0.0,18.0,-170.0
0.0,3.0,-79.0
0.0,6.0,-61.0
0.0,69.0,-176.0
0.0,67.0,-182.0
0.0,90.0,-166.0
0.0,52.0,17.0
0.0,29.0,-18.0
0.0,-640.0,360.0
0.0,-640.0,360.0
0.0,-640.0,360.0
0.0,-640.0,360.0
0.0,-640.0,360.0
0.0,-640.0,360.0
0.0,-640.0,360.0
0.0,-640.0,360.0
0.0,-640.0,360.0
0.0,-640.0,360.0
0.0,-640.0,360.0
0.0,-640.0,360.0
0.0,-640.0,360.0
0.0,-640.0,360.0
0.0,-640.0,360.0
0.0,-640.0,360.0
0.0,-640.0,360.0
0.0,-640.0,360.0
0.0,-640.0,360.0
0.0,-640.0,360.0
0.0,-640.0,360.0
0.0,-640.0,360.0
0.0,-640.0,360.0
0.0,-640.0,360.0
0.0,-640.0,360.0
0.0,-640.0,360.0
0.0,-640.0,360.0
0.0,-640.0,360.0
0.0,-640.0,360.0
0.0,-640.0,360.0
0.0,-640.0,360.0
0.0,-640.0,360.0
0.0,-640.0,360.0
0.0,-640.0,360.0
0.0,-640.0,360.0
0.0,-640.0,360.0
0.0,-640.0,360.0
0.0,-640.0,360.0
0.0,-640.0,360.0
0.0,-640.0,360.0
0.0,-640.0,360.0
0.0,-640.0,360.0
0.0,-640.0,360.0
0.0,-640.0,360.0
0.0,-640.0,360.0
0.0,-640.0,360.0
0.0,-640.0,360.0
0.0,-640.0,360.0
0.0,-640.0,360.0
0.0,-640.0,360.0
0.0,-640.0,360.0
0.0,-640.0,360.0
0.0,-640.0,360.0
0.0,-640.0,360.0
0.0,-640.0,360.0
0.0,-640.0,360.0
0.0,-640.0,360.0
0.0,-640.0,360.0
0.0,-640.0,360.0
0.0,-640.0,360.0
0.0,-640.0,360.0
0.0,-640.0,360.0
0.0,-640.0,360.0
0.0,-640.0,360.0
0.0,-640.0,360.0
0.0,-640.0,360.0
0.0,-640.0,360.0
0.0,-640.0,360.0
0.0,-640.0,360.0
0.0,-640.0,360.0
0.0,-640.0,360.0
0.0,-8.0,-86.0
0.0,-7.0,-89.0
0.0,-8.0,-91.0
0.0,-8.0,-91.0
0.0,-33.0,-208.0
0.0,-47.0,-187.0
0.0,-73.0,122.0
0.0,-71.0,129.0
0.0,-71.0,129.0
0.0,-74.0,125.0
0.0,-74.0,125.0
0.0,-24.0,-223.0
0.0,-20.0,-225.0
0.0,-25.0,-222.0
0.0,-20.0,-235.0
0.0,-17.0,-236.0
0.0,277.0,-175.0
0.0,373.0,-237.0
0.0,373.0,-241.0
0.0,370.0,-239.0
0.0,368.0,-235.0
0.0,219.0,-240.0
0.0,272.0,-246.0
0.0,279.0,-242.0
0.0,127.0,-194.0
0.0,81.0,-188.0
0.0,92.0,-188.0
0.0,101.0,-190.0
0.0,118.0,-196.0
0.0,187.0,-197.0
0.0,219.0,-113.0
0.0,207.0,-223.0
0.0,207.0,-224.0
0.0,34.0,-121.0
0.0,45.0,-120.0
0.0,67.0,-114.0
0.0,89.0,-116.0
0.0,205.0,-106.0
0.0,84.0,-135.0
0.0,172.0,-110.0
0.0,144.0,-149.0
0.0,82.0,-202.0
0.0,-34.0,-177.0
0.0,-35.0,-185.0
0.0,-54.0,-167.0
0.0,-66.0,-173.0
0.0,390.0,-265.0
0.0,369.0,-264.0
0.0,341.0,-254.0
0.0,331.0,-254.0
0.0,217.0,-217.0
0.0,208.0,-214.0
0.0,83.0,-79.0
0.0,68.0,-69.0
0.0,35.0,-39.0
0.0,-33.0,6.0
0.0,23.0,-117.0
0.0,-135.0,228.0
0.0,-140.0,192.0
0.0,-139.0,195.0
0.0,-138.0,197.0
0.0,-138.0,197.0
0.0,-137.0,196.0
0.0,-136.0,190.0
0.0,-133.0,180.0
0.0,-117.0,186.0
0.0,-45.0,183.0
0.0,-10.0,184.0
0.0,16.0,170.0
0.0,36.0,149.0
0.0,52.0,121.0
0.0,128.0,-252.0
0.0,78.0,128.0
0.0,172.0,-213.0
0.0,148.0,-216.0
0.0,177.0,-213.0
0.0,155.0,-220.0
0.0,256.0,-244.0
0.0,257.0,-245.0
0.0,266.0,-245.0
0.0,268.0,-244.0
0.0,268.0,-245.0
0.0,269.0,-245.0
0.0,294.0,-244.0
0.0,297.0,-246.0
0.0,304.0,-249.0
0.0,316.0,-254.0
0.0,318.0,-255.0
0.0,325.0,-259.0
0.0,54.0,114.0
0.0,67.0,112.0
0.0,54.0,134.0
0.0,35.0,113.0
0.0,13.0,132.0
0.0,12.0,126.0
0.0,14.0,125.0
0.0,12.0,135.0
0.0,14.0,142.0
0.0,28.0,156.0
0.0,-640.0,360.0
0.0,-432.0,-221.0
0.0,-585.0,-268.0
0.0,-587.0,-270.0
0.0,-588.0,-270.0
0.0,-594.0,-269.0
0.0,-594.0,-269.0
0.0,256.0,104.0
0.0,257.0,100.0
0.0,18.0,-234.0
0.0,19.0,-236.0
0.0,19.0,-238.0
0.0,-434.0,-322.0
0.0,-432.0,-320.0
0.0,-432.0,-320.0
0.0,-434.0,-321.0
0.0,-434.0,-321.0
0.0,-436.0,-321.0
0.0,-601.0,-336.0
0.0,1.0,-88.0
0.0,-3.0,-89.0
0.0,592.0,-267.0
0.0,-4.0,-92.0
0.0,331.0,-169.0
0.0,331.0,-170.0
0.0,352.0,-176.0
0.0,354.0,-178.0
0.0,358.0,-180.0
0.0,315.0,-174.0
0.0,321.0,-175.0
0.0,324.0,-176.0
0.0,406.0,-229.0
0.0,406.0,-231.0
0.0,405.0,-232.0
0.0,404.0,-233.0
0.0,406.0,-236.0
0.0,361.0,-239.0
0.0,404.0,-235.0
0.0,404.0,-236.0
0.0,405.0,-236.0
0.0,411.0,-238.0
0.0,407.0,-237.0
0.0,410.0,-237.0
0.0,412.0,-238.0
0.0,407.0,-234.0
0.0,331.0,-232.0
0.0,269.0,-222.0
0.0,252.0,-231.0
0.0,262.0,-232.0
0.0,270.0,-234.0
0.0,177.0,-201.0
0.0,272.0,-235.0
0.0,272.0,-236.0
0.0,271.0,-236.0
0.0,271.0,-236.0
0.0,269.0,-236.0
0.0,268.0,-236.0
0.0,266.0,-236.0
0.0,263.0,-236.0
0.0,256.0,-238.0
0.0,232.0,-246.0
0.0,590.0,-262.0
0.0,255.0,-214.0
0.0,503.0,-300.0
0.0,-107.0,222.0
0.0,-55.0,-73.0
0.0,-68.0,-72.0
0.0,-71.0,-81.0
0.0,-75.0,-82.0
0.0,-76.0,-81.0
0.0,-75.0,-80.0
0.0,-73.0,-72.0
0.0,-68.0,-70.0
0.0,-58.0,-71.0
0.0,-38.0,-76.0
0.0,480.0,-314.0
0.0,-20.0,-82.0
0.0,-12.0,-89.0
0.0,-6.0,-89.0
0.0,2.0,-96.0
0.0,224.0,163.0
0.0,225.0,162.0
0.0,228.0,166.0
0.0,228.0,166.0
0.0,-2.0,-92.0
0.0,-2.0,-93.0
0.0,-4.0,-92.0
0.0,-5.0,-94.0
0.0,-6.0,-92.0
0.0,-6.0,-91.0
0.0,-6.0,-90.0
0.0,-5.0,-92.0
0.0,-5.0,-91.0
0.0,-6.0,-91.0
0.0,-6.0,-90.0
0.0,-640.0,360.0
0.0,-14.0,-49.0
0.0,-22.0,-75.0
0.0,-20.0,-79.0
0.0,-17.0,-81.0
0.0,-3.0,-204.0
0.0,-599.0,-332.0
0.0,7.0,-224.0
0.0,6.0,-222.0
0.0,7.0,-223.0
0.0,7.0,-223.0
0.0,-21.0,-67.0
0.0,-21.0,-68.0
0.0,-425.0,-282.0
0.0,-425.0,-283.0
0.0,-425.0,-284.0
0.0,-424.0,-282.0
0.0,-424.0,-282.0
0.0,-424.0,-282.0
0.0,-424.0,-281.0
0.0,-424.0,-281.0
0.0,25.0,-196.0
0.0,26.0,-23.0
0.0,92.0,-18.0
0.0,106.0,-29.0
0.0,61.0,-82.0
0.0,131.0,-18.0
0.0,174.0,-37.0
0.0,174.0,-33.0
0.0,173.0,-32.0
0.0,159.0,-24.0
0.0,157.0,-24.0
0.0,142.0,-9.0
0.0,77.0,-62.0
0.0,134.0,-9.0
0.0,130.0,-11.0
0.0,131.0,-9.0
0.0,130.0,-11.0
0.0,73.0,-60.0
0.0,74.0,-62.0
0.0,71.0,-63.0
0.0,88.0,-215.0
0.0,101.0,-203.0
0.0,136.0,166.0
0.0,100.0,-244.0
0.0,91.0,166.0
0.0,30.0,-79.0
0.0,41.0,-52.0
0.0,-70.0,-28.0
0.0,36.0,-54.0
0.0,-12.0,-70.0
0.0,60.0,-65.0
0.0,31.0,-67.0
0.0,-4.0,-68.0
0.0,-2.0,-63.0
0.0,-27.0,-95.0
0.0,-38.0,-94.0
0.0,-47.0,-92.0
0.0,-120.0,-106.0
0.0,-42.0,-93.0
0.0,-29.0,-90.0
0.0,-9.0,-62.0
0.0,14.0,-58.0
0.0,-32.0,-71.0
0.0,33.0,-61.0
0.0,-23.0,-80.0
0.0,104.0,-48.0
0.0,65.0,178.0
0.0,124.0,175.0
0.0,158.0,176.0
0.0,178.0,143.0
0.0,191.0,164.0
0.0,209.0,144.0
0.0,209.0,-25.0
0.0,231.0,-2.0
0.0,244.0,-10.0
0.0,273.0,113.0
0.0,233.0,162.0
0.0,200.0,159.0
0.0,177.0,195.0
0.0,-495.0,-197.0
0.0,86.0,-18.0
0.0,-154.0,-55.0
0.0,-85.0,-70.0
0.0,-115.0,-72.0
0.0,-61.0,-84.0
0.0,-86.0,-88.0
0.0,-22.0,-89.0
0.0,-78.0,-80.0
0.0,-100.0,-84.0
0.0,-95.0,-82.0
0.0,-93.0,-81.0
0.0,-84.0,-75.0
0.0,-78.0,-69.0
0.0,-142.0,-92.0
0.0,-211.0,-81.0
0.0,-44.0,-59.0
0.0,-28.0,-34.0
0.0,-40.0,39.0
0.0,1.0,60.0
0.0,79.0,172.0
0.0,129.0,169.0
0.0,163.0,167.0
0.0,202.0,-6.0
0.0,261.0,-26.0
0.0,273.0,-25.0
0.0,343.0,-49.0
0.0,314.0,-45.0
0.0,297.0,-34.0
0.0,304.0,-37.0
0.0,310.0,-28.0
0.0,311.0,-24.0
0.0,313.0,-24.0
0.0,328.0,25.0
0.0,303.0,116.0
0.0,276.0,117.0
0.0,240.0,168.0
0.0,-499.0,-22.0
0.0,-491.0,-158.0
0.0,51.0,6.0
0.0,-156.0,-39.0
0.0,-220.0,-8.0
0.0,-136.0,-56.0
0.0,-213.0,-29.0
0.0,-233.0,-32.0
0.0,-218.0,-71.0
0.0,-221.0,-73.0
0.0,-86.0,-69.0
0.0,-90.0,-72.0
0.0,-92.0,-72.0
0.0,-93.0,-75.0
0.0,-96.0,-79.0
0.0,-89.0,-76.0
0.0,-77.0,-66.0
0.0,-247.0,-58.0
0.0,-273.0,-31.0
0.0,-67.0,-32.0
0.0,-52.0,-21.0
0.0,-34.0,-35.0
0.0,-25.0,-14.0
0.0,30.0,-23.0
0.0,68.0,-20.0
0.0,173.0,-178.0
0.0,285.0,-117.0
0.0,266.0,-12.0
0.0,264.0,-43.0
0.0,240.0,-35.0
0.0,218.0,-23.0
0.0,223.0,-22.0
0.0,230.0,-16.0
0.0,225.0,-6.0
0.0,213.0,130.0
0.0,198.0,126.0
0.0,-496.0,-20.0
0.0,179.0,165.0
0.0,-478.0,-56.0
0.0,171.0,181.0
0.0,141.0,133.0
0.0,162.0,193.0
0.0,143.0,25.0
0.0,124.0,21.0
0.0,136.0,40.0
0.0,130.0,174.0
0.0,130.0,174.0
0.0,118.0,126.0
0.0,129.0,187.0
0.0,130.0,67.0
0.0,53.0,55.0
0.0,108.0,189.0
0.0,96.0,184.0
0.0,-235.0,19.0
0.0,0.0,18.0
0.0,5.0,8.0
0.0,-233.0,12.0
0.0,-84.0,37.0
0.0,-229.0,4.0
0.0,-203.0,-5.0
0.0,-149.0,-49.0
0.0,-44.0,-26.0
0.0,-24.0,-26.0
0.0,-14.0,-22.0
0.0,-19.0,-20.0
0.0,-11.0,-14.0
0.0,-4.0,-18.0
0.0,-1.0,-10.0
0.0,7.0,-13.0
0.0,7.0,-10.0
0.0,6.0,-9.0
0.0,3.0,-9.0
0.0,4.0,-8.0
0.0,4.0,-8.0
0.0,-2.0,19.0
0.0,4.0,20.0
0.0,11.0,27.0
0.0,13.0,30.0
0.0,13.0,36.0
0.0,10.0,29.0
0.0,13.0,31.0
0.0,15.0,34.0
0.0,11.0,21.0
0.0,6.0,18.0
0.0,2.0,19.0
0.0,3.0,20.0
0.0,3.0,22.0
0.0,5.0,27.0
0.0,1.0,25.0
0.0,-46.0,81.0
0.0,-47.0,79.0
0.0,-46.0,84.0
0.0,-75.0,64.0
0.0,-76.0,64.0
0.0,-77.0,64.0
0.0,-82.0,58.0
0.0,-71.0,29.0
0.0,-54.0,49.0
0.0,-93.0,60.0
0.0,-99.0,49.0
0.0,-118.0,5.0
0.0,-120.0,0.0
0.0,-129.0,-15.0
0.0,-118.0,6.0
0.0,-135.0,-20.0
0.0,-101.0,44.0
0.0,-101.0,34.0
0.0,-61.0,-57.0
0.0,-62.0,-58.0
0.0,-103.0,72.0
0.0,-103.0,71.0
0.0,-103.0,72.0
0.0,-103.0,67.0
0.0,-104.0,61.0
0.0,-105.0,66.0
0.0,-104.0,67.0
0.0,-325.0,-151.0
0.0,-427.0,-294.0
0.0,-110.0,184.0
0.0,-106.0,78.0
0.0,-105.0,68.0
0.0,-73.0,-33.0
0.0,-79.0,-31.0
0.0,-81.0,-10.0
0.0,-80.0,10.0
0.0,-82.0,18.0
0.0,-101.0,96.0
0.0,-106.0,89.0
0.0,-106.0,77.0
0.0,-107.0,78.0
0.0,-87.0,-10.0
0.0,-91.0,1.0
0.0,-89.0,8.0
0.0,-93.0,-4.0
0.0,-97.0,3.0
0.0,-99.0,14.0
0.0,-98.0,3.0
0.0,-101.0,32.0
0.0,-96.0,29.0
0.0,-100.0,48.0
0.0,-104.0,86.0
0.0,40.0,-28.0
0.0,59.0,-61.0
0.0,54.0,-59.0
0.0,41.0,-53.0
0.0,58.0,-55.0
0.0,69.0,-54.0
0.0,49.0,-45.0
0.0,87.0,-58.0
0.0,62.0,-47.0
0.0,66.0,-50.0
0.0,67.0,-51.0
0.0,64.0,-50.0
0.0,64.0,-55.0
0.0,64.0,-56.0
0.0,61.0,-54.0
0.0,63.0,-56.0
0.0,60.0,-54.0
0.0,63.0,-50.0
0.0,64.0,-61.0
0.0,67.0,-62.0
0.0,64.0,-64.0
0.0,63.0,-68.0
0.0,76.0,-49.0
0.0,-1.0,3.0
0.0,-3.0,2.0
0.0,-1.0,3.0
0.0,1.0,-9.0
0.0,2.0,-4.0
0.0,25.0,-40.0
0.0,-8.0,-53.0
0.0,35.0,-76.0
0.0,33.0,-82.0
0.0,11.0,-86.0
0.0,68.0,-70.0
0.0,62.0,-79.0
0.0,73.0,-71.0
0.0,54.0,-65.0
0.0,55.0,-69.0
0.0,83.0,-57.0
0.0,-12.0,12.0
0.0,2.0,-6.0
0.0,-32.0,-94.0
0.0,-4.0,-67.0
0.0,-5.0,7.0
0.0,5.0,-14.0
0.0,-4.0,6.0
0.0,-5.0,6.0
0.0,-3.0,3.0
0.0,44.0,-57.0
0.0,0.0,5.0
0.0,70.0,-50.0
0.0,42.0,-63.0
0.0,54.0,-65.0
0.0,70.0,-63.0
0.0,97.0,-67.0
0.0,169.0,-50.0
0.0,179.0,-51.0
0.0,175.0,-51.0
0.0,178.0,-53.0
0.0,176.0,-50.0
0.0,179.0,-50.0
0.0,180.0,-48.0
0.0,183.0,-49.0
0.0,187.0,-48.0
0.0,189.0,-48.0
0.0,195.0,-49.0
0.0,195.0,-48.0
0.0,197.0,-44.0
0.0,200.0,-47.0
0.0,206.0,-47.0
0.0,208.0,-49.0
0.0,-1.0,3.0
0.0,11.0,0.0
0.0,66.0,-32.0
0.0,237.0,-52.0
0.0,-10.0,10.0
0.0,-24.0,19.0
0.0,-25.0,15.0
0.0,-640.0,360.0
0.0,-19.0,-78.0
0.0,-16.0,-84.0
0.0,-5.0,7.0
0.0,-8.0,16.0
0.0,-1.0,21.0
0.0,259.0,23.0
0.0,265.0,44.0
0.0,378.0,-28.0
0.0,214.0,-23.0
0.0,259.0,23.0
0.0,203.0,-30.0
0.0,191.0,-46.0
0.0,0.0,1.0
0.0,2.0,1.0
0.0,0.0,1.0
0.0,4.0,-3.0
0.0,10.0,-1.0
0.0,22.0,7.0
0.0,28.0,-32.0
0.0,16.0,-12.0
0.0,-1.0,9.0
0.0,-1.0,3.0
0.0,-1.0,-1.0
0.0,-4.0,0.0
0.0,4.0,-4.0
0.0,-2.0,3.0
0.0,-2.0,2.0
0.0,-1.0,2.0
0.0,-1.0,2.0
0.0,-1.0,2.0
0.0,1.0,1.0
0.0,2.0,-4.0
0.0,-2.0,2.0
0.0,0.0,4.0
0.0,-1.0,2.0
0.0,0.0,0.0
0.0,-1.0,1.0
0.0,-1.0,1.0
0.0,0.0,0.0
0.0,-1.0,0.0
0.0,-2.0,2.0
0.0,-1.0,2.0
0.0,-1.0,1.0
0.0,-1.0,-1.0
0.0,-2.0,1.0
0.0,4.0,-3.0
0.0,-2.0,3.0
0.0,-640.0,360.0
0.0,-20.0,-79.0
0.0,-16.0,-83.0
0.0,-15.0,-88.0
0.0,-14.0,-88.0
0.0,-10.0,-142.0
0.0,-7.0,-205.0
0.0,-7.0,-215.0
0.0,-5.0,-214.0
0.0,-6.0,-214.0
0.0,-9.0,-207.0
0.0,455.0,-268.0
0.0,352.0,-241.0
0.0,360.0,-241.0
0.0,362.0,-242.0
0.0,124.0,-138.0
0.0,137.0,-155.0
0.0,365.0,-241.0
0.0,146.0,231.0
0.0,349.0,-238.0
0.0,348.0,-237.0
0.0,348.0,-237.0
0.0,346.0,-238.0
0.0,340.0,-236.0
0.0,340.0,-238.0
0.0,327.0,-242.0
0.0,-38.0,-65.0
0.0,6.0,-9.0
0.0,79.0,-37.0
0.0,101.0,-74.0
0.0,193.0,-57.0
0.0,183.0,-55.0
0.0,190.0,-56.0
0.0,195.0,-57.0
0.0,206.0,-58.0
0.0,208.0,-59.0
0.0,205.0,-57.0
0.0,210.0,-60.0
0.0,218.0,-59.0
0.0,228.0,-57.0
0.0,-13.0,7.0
0.0,-6.0,8.0
0.0,-5.0,9.0
0.0,0.0,3.0
0.0,-5.0,8.0
0.0,-8.0,-63.0
0.0,-23.0,-5.0
0.0,-8.0,9.0
0.0,-112.0,-29.0
0.0,-69.0,-73.0
0.0,-46.0,-81.0
0.0,-11.0,-71.0
0.0,-77.0,-20.0
0.0,-75.0,-13.0
0.0,174.0,-76.0
0.0,436.0,-151.0
0.0,-66.0,21.0
0.0,-64.0,24.0
0.0,-60.0,-71.0
0.0,-208.0,-2.0
0.0,-82.0,-79.0
0.0,-67.0,31.0
0.0,-64.0,27.0
0.0,-61.0,-46.0
0.0,-48.0,23.0
0.0,147.0,-45.0
0.0,143.0,-23.0
0.0,161.0,-45.0
0.0,167.0,-22.0
0.0,180.0,-40.0
0.0,197.0,-29.0
0.0,191.0,-18.0
0.0,219.0,-43.0
0.0,249.0,-49.0
0.0,238.0,-29.0
0.0,247.0,-37.0
0.0,252.0,-39.0
0.0,276.0,-54.0
0.0,284.0,-51.0
0.0,293.0,-53.0
0.0,302.0,-51.0
0.0,308.0,-53.0
0.0,318.0,-54.0
0.0,344.0,-47.0
0.0,349.0,-45.0
0.0,339.0,-55.0
0.0,0.0,1.0
0.0,0.0,1.0
0.0,0.0,1.0
0.0,0.0,1.0
0.0,0.0,1.0
0.0,0.0,1.0
0.0,0.0,1.0
0.0,0.0,1.0
0.0,0.0,1.0
0.0,0.0,1.0
0.0,-1.0,2.0
0.0,-1.0,2.0
0.0,-1.0,2.0
0.0,-1.0,3.0
0.0,-1.0,4.0
0.0,-1.0,4.0
0.0,56.0,-43.0
0.0,92.0,-47.0
0.0,106.0,-49.0
0.0,143.0,-66.0
0.0,204.0,-32.0
0.0,128.0,10.0
0.0,98.0,2.0
0.0,75.0,40.0
0.0,76.0,30.0
0.0,50.0,24.0
0.0,29.0,12.0
0.0,18.0,16.0
0.0,15.0,16.0
0.0,14.0,18.0
0.0,19.0,17.0
0.0,20.0,15.0
0.0,20.0,8.0
0.0,-36.0,-101.0
0.0,48.0,-17.0
0.0,63.0,-54.0
0.0,-3.0,5.0
0.0,-7.0,9.0
0.0,-3.0,5.0
0.0,-4.0,7.0
0.0,-3.0,5.0
0.0,-67.0,-39.0
0.0,-76.0,-46.0
0.0,-34.0,-73.0
0.0,54.0,-84.0
0.0,-4.0,6.0
0.0,-11.0,-10.0
0.0,-37.0,-103.0
0.0,-15.0,-4.0
0.0,-56.0,-95.0
0.0,-7.0,8.0
0.0,-112.0,-78.0
0.0,4.0,-108.0
0.0,-92.0,-119.0
0.0,-23.0,-108.0
0.0,-39.0,-109.0
0.0,-64.0,-91.0
0.0,-95.0,-76.0
0.0,-96.0,-70.0
0.0,-107.0,-63.0
0.0,-7.0,15.0
0.0,-7.0,17.0
0.0,-8.0,19.0
0.0,-8.0,15.0
0.0,-5.0,11.0
0.0,0.0,-15.0
0.0,-98.0,-99.0
0.0,-55.0,-85.0
0.0,9.0,-70.0
0.0,-8.0,17.0
0.0,9.0,1.0
0.0,9.0,-77.0
0.0,-32.0,-90.0
0.0,17.0,-68.0
0.0,74.0,-50.0
0.0,63.0,-64.0
0.0,37.0,-55.0
0.0,49.0,-58.0
0.0,102.0,-55.0
0.0,140.0,-28.0
0.0,157.0,-54.0
0.0,74.0,65.0
0.0,187.0,-68.0
0.0,76.0,113.0
0.0,83.0,112.0
0.0,126.0,84.0
0.0,443.0,-235.0
0.0,446.0,-233.0
0.0,445.0,-240.0
0.0,28.0,-188.0
0.0,431.0,-220.0
0.0,208.0,-239.0
0.0,196.0,-169.0
0.0,181.0,-150.0
0.0,-640.0,360.0
0.0,-20.0,-62.0
0.0,-9.0,-78.0
0.0,-7.0,-82.0
0.0,-7.0,-82.0
0.0,-12.0,-144.0
0.0,-5.0,-180.0
0.0,-7.0,-221.0
0.0,-7.0,-221.0
0.0,-8.0,-219.0
0.0,192.0,118.0
0.0,-10.0,-220.0
0.0,-9.0,-220.0
0.0,184.0,119.0
0.0,217.0,187.0
0.0,-7.0,-218.0
0.0,-7.0,-203.0
0.0,-7.0,-205.0
0.0,220.0,166.0
0.0,-604.0,-332.0
0.0,-602.0,-333.0
0.0,-12.0,-205.0
0.0,-601.0,-334.0
0.0,-601.0,-335.0
0.0,-32.0,-39.0
0.0,-33.0,-35.0
0.0,6.0,-233.0
0.0,-34.0,-35.0
0.0,9.0,-231.0
0.0,-9.0,-152.0
0.0,-9.0,-154.0
0.0,5.0,-224.0
0.0,12.0,-236.0
0.0,12.0,-237.0
0.0,46.0,-268.0
0.0,50.0,-274.0
0.0,211.0,167.0
0.0,189.0,157.0
0.0,190.0,157.0
0.0,191.0,158.0
0.0,-51.0,-84.0
0.0,-19.0,-150.0
0.0,-466.0,-176.0
0.0,-45.0,-117.0
0.0,314.0,-246.0
0.0,-56.0,-123.0
0.0,-43.0,-127.0
0.0,-23.0,-175.0
0.0,-22.0,-169.0
0.0,-27.0,-133.0
0.0,-27.0,-133.0
0.0,-26.0,-135.0
0.0,-19.0,-180.0
0.0,-12.0,-212.0
0.0,-16.0,-173.0
0.0,-17.0,-197.0
0.0,-20.0,-169.0
0.0,-19.0,-165.0
0.0,66.0,-232.0
0.0,55.0,-238.0
0.0,44.0,-241.0
0.0,35.0,-240.0
0.0,33.0,-241.0
0.0,24.0,-235.0
0.0,23.0,-234.0
0.0,19.0,-231.0
0.0,9.0,-228.0
0.0,4.0,-222.0
0.0,4.0,-228.0
0.0,197.0,162.0
0.0,-42.0,172.0
0.0,-45.0,184.0
0.0,-50.0,206.0
0.0,-57.0,219.0
0.0,-64.0,209.0
0.0,-68.0,211.0
0.0,-73.0,211.0
0.0,-78.0,211.0
0.0,-80.0,153.0
0.0,-88.0,148.0
0.0,-103.0,130.0
0.0,-108.0,120.0
0.0,-112.0,113.0
0.0,-115.0,102.0
0.0,-118.0,93.0
0.0,-122.0,88.0
0.0,-144.0,98.0
0.0,-152.0,92.0
0.0,-165.0,80.0
0.0,-176.0,67.0
0.0,-1.0,225.0
0.0,-95.0,-103.0
0.0,-74.0,-109.0
0.0,-159.0,162.0
0.0,-152.0,0.0
0.0,-161.0,15.0
0.0,-157.0,-1.0
0.0,-165.0,-89.0
0.0,-191.0,-82.0
0.0,-211.0,-85.0
0.0,-286.0,-53.0
0.0,-200.0,-112.0
0.0,-134.0,119.0
0.0,-124.0,129.0
0.0,-130.0,143.0
0.0,-165.0,149.0
0.0,-152.0,125.0
0.0,-79.0,126.0
0.0,-56.0,164.0
0.0,-46.0,164.0
0.0,-15.0,151.0
0.0,-1.0,151.0
0.0,11.0,159.0
0.0,30.0,156.0
0.0,49.0,165.0
0.0,107.0,179.0
0.0,265.0,-229.0
0.0,85.0,-180.0
0.0,66.0,-181.0
0.0,121.0,-236.0
0.0,153.0,-243.0
0.0,145.0,-243.0
0.0,106.0,-237.0
0.0,20.0,-255.0
0.0,-4.0,-247.0
0.0,288.0,-222.0
0.0,258.0,-226.0
0.0,201.0,-224.0
0.0,185.0,-224.0
0.0,74.0,-232.0
0.0,-483.0,-254.0
0.0,-467.0,-210.0
0.0,-471.0,-191.0
0.0,-476.0,-164.0
0.0,-485.0,-135.0
0.0,-482.0,-130.0
0.0,-480.0,-128.0
0.0,-478.0,-123.0
0.0,350.0,27.0
0.0,320.0,-18.0
0.0,-375.0,-126.0
0.0,-321.0,-108.0
0.0,-230.0,-80.0
0.0,-208.0,-70.0
0.0,-183.0,-64.0
0.0,-199.0,-55.0
0.0,-271.0,-82.0
0.0,-317.0,-87.0
0.0,-397.0,-108.0
0.0,-406.0,-127.0
0.0,-414.0,-119.0
0.0,-421.0,-108.0
0.0,-429.0,-98.0
0.0,-453.0,-96.0
0.0,-456.0,-92.0
0.0,-423.0,-54.0
0.0,-452.0,-40.0
0.0,-486.0,-49.0
0.0,-485.0,-41.0
0.0,-498.0,-43.0
0.0,-465.0,-30.0
0.0,-93.0,53.0
0.0,-424.0,-16.0
0.0,-79.0,-18.0
0.0,-425.0,-75.0
0.0,-414.0,-85.0
0.0,-388.0,-75.0
0.0,-382.0,-71.0
0.0,-395.0,-79.0
0.0,-383.0,-69.0
0.0,-350.0,-62.0
0.0,-358.0,-90.0
0.0,-367.0,-92.0
0.0,-308.0,-46.0
0.0,-297.0,-44.0
0.0,-292.0,-45.0
0.0,-295.0,-13.0
0.0,-303.0,-16.0
0.0,-317.0,-17.0
0.0,-316.0,-24.0
0.0,-558.0,-225.0
0.0,-440.0,-126.0
0.0,-421.0,-127.0
0.0,-422.0,-106.0
0.0,-411.0,-91.0
0.0,-380.0,-48.0
0.0,-400.0,-64.0
0.0,-423.0,5.0
0.0,-427.0,-3.0
0.0,-452.0,3.0
0.0,-454.0,13.0
0.0,-441.0,-93.0
0.0,-485.0,-54.0
0.0,-422.0,-43.0
0.0,144.0,88.0
0.0,161.0,108.0
0.0,184.0,117.0
0.0,185.0,121.0
0.0,182.0,122.0
0.0,181.0,128.0
0.0,190.0,127.0
0.0,433.0,-235.0
0.0,437.0,-236.0
0.0,450.0,-239.0
0.0,364.0,-240.0
0.0,160.0,101.0
0.0,80.0,109.0
0.0,67.0,100.0
0.0,96.0,66.0
0.0,62.0,78.0
0.0,48.0,76.0
0.0,38.0,83.0
0.0,27.0,79.0
0.0,68.0,20.0
0.0,68.0,9.0
0.0,-42.0,28.0
0.0,-10.0,47.0
0.0,-16.0,39.0
0.0,-8.0,22.0
0.0,-522.0,-189.0
0.0,-493.0,-148.0
0.0,-479.0,-152.0
0.0,-465.0,-142.0
0.0,-456.0,-168.0
0.0,-444.0,-182.0
0.0,-439.0,-201.0
0.0,-423.0,-207.0
0.0,-397.0,-216.0
0.0,-373.0,-211.0
0.0,-384.0,-167.0
0.0,-389.0,-188.0
0.0,-330.0,-95.0
0.0,-236.0,-123.0
0.0,-225.0,-124.0
0.0,-212.0,-103.0
0.0,-190.0,-88.0
0.0,-4.0,82.0
0.0,-9.0,134.0
0.0,17.0,135.0
0.0,24.0,8.0
0.0,51.0,43.0
0.0,73.0,-7.0
0.0,161.0,6.0
0.0,244.0,19.0
0.0,272.0,20.0
0.0,319.0,5.0
0.0,432.0,-98.0
0.0,456.0,53.0
0.0,468.0,131.0
0.0,485.0,209.0
0.0,484.0,159.0
0.0,509.0,224.0
0.0,511.0,232.0
0.0,502.0,244.0
0.0,-88.0,-49.0
0.0,-94.0,-25.0
0.0,-98.0,-16.0
0.0,-102.0,-25.0
0.0,-104.0,-27.0
0.0,-105.0,-28.0
0.0,-106.0,-31.0
0.0,-106.0,-36.0
0.0,-105.0,-55.0
0.0,-104.0,-63.0
0.0,-101.0,-80.0
0.0,-92.0,-106.0
0.0,589.0,321.0
0.0,-68.0,-139.0
0.0,-71.0,-124.0
0.0,-59.0,-171.0
0.0,-54.0,-143.0
0.0,-146.0,33.0
0.0,-28.0,49.0
0.0,-51.0,56.0
0.0,-54.0,55.0
0.0,-54.0,48.0
0.0,-61.0,43.0
0.0,317.0,-202.0
0.0,349.0,15.0
0.0,267.0,-46.0
0.0,275.0,-40.0
0.0,114.0,20.0
0.0,70.0,-8.0
0.0,80.0,104.0
0.0,34.0,138.0
0.0,15.0,142.0
0.0,46.0,92.0
0.0,-180.0,-42.0
0.0,-212.0,-73.0
0.0,-254.0,-65.0
0.0,-259.0,-56.0
0.0,-261.0,-12.0
0.0,-357.0,-239.0
0.0,-369.0,-236.0
0.0,-395.0,-219.0
0.0,-398.0,-214.0
0.0,-437.0,-173.0
0.0,-444.0,-162.0
0.0,-449.0,-166.0
0.0,-443.0,-159.0
0.0,-436.0,-150.0
0.0,-434.0,-144.0
0.0,-433.0,-148.0
0.0,-424.0,-152.0
0.0,-416.0,-156.0
0.0,145.0,141.0
0.0,153.0,137.0
0.0,-419.0,-285.0
0.0,-410.0,-284.0
0.0,-258.0,225.0
0.0,-250.0,219.0
0.0,143.0,-55.0
0.0,138.0,-43.0
0.0,152.0,4.0
0.0,155.0,18.0
0.0,60.0,33.0
0.0,153.0,6.0
0.0,142.0,10.0
0.0,55.0,27.0
0.0,70.0,133.0
0.0,-241.0,90.0
0.0,-418.0,-79.0
0.0,-495.0,-189.0
0.0,-496.0,-183.0
0.0,-499.0,-182.0
0.0,-231.0,-124.0
0.0,-360.0,-125.0
0.0,-363.0,-136.0
0.0,-480.0,-148.0
0.0,-267.0,-143.0
0.0,-268.0,-156.0
0.0,-265.0,-98.0
0.0,-272.0,-83.0
0.0,-280.0,-72.0
0.0,-296.0,-105.0
0.0,-301.0,-91.0
0.0,-291.0,-83.0
0.0,-299.0,-83.0
0.0,-337.0,-123.0
0.0,-323.0,-106.0
0.0,-340.0,-119.0
0.0,-385.0,-112.0
0.0,-390.0,-107.0
0.0,-393.0,-97.0
0.0,-416.0,-155.0
0.0,-424.0,-163.0
0.0,-427.0,-162.0
0.0,-432.0,-169.0
0.0,-433.0,-171.0
0.0,-436.0,-168.0
0.0,-441.0,-171.0
0.0,-449.0,-156.0
0.0,-448.0,-159.0
0.0,-443.0,-150.0
0.0,-437.0,-155.0
0.0,-441.0,-155.0
0.0,-45.0,105.0
0.0,-41.0,95.0
0.0,-37.0,97.0
0.0,-31.0,89.0
0.0,-22.0,89.0
0.0,-32.0,33.0
0.0,4.0,67.0
0.0,19.0,88.0
0.0,104.0,60.0
0.0,122.0,59.0
0.0,156.0,86.0
0.0,173.0,94.0
0.0,188.0,103.0
0.0,202.0,124.0
0.0,220.0,129.0
0.0,227.0,-30.0
0.0,252.0,-28.0
0.0,296.0,-14.0
0.0,284.0,-23.0
0.0,308.0,-11.0
0.0,265.0,-223.0
0.0,244.0,-230.0
0.0,269.0,208.0
0.0,231.0,202.0
0.0,266.0,-237.0
0.0,181.0,186.0
0.0,238.0,-245.0
0.0,177.0,-244.0
0.0,159.0,-241.0
0.0,155.0,-252.0
0.0,156.0,-257.0
0.0,159.0,-259.0
0.0,159.0,-262.0
0.0,156.0,-264.0
0.0,-305.0,-223.0
0.0,-296.0,-202.0
0.0,-300.0,-189.0
0.0,-306.0,-183.0
0.0,-324.0,-174.0
0.0,-344.0,-164.0
0.0,-359.0,-157.0
0.0,-377.0,-148.0
0.0,-395.0,-145.0
0.0,-403.0,-140.0
0.0,-408.0,-139.0
0.0,-393.0,-136.0
0.0,-374.0,-179.0
0.0,-314.0,-105.0
0.0,-284.0,-109.0
0.0,-250.0,-160.0
0.0,-218.0,-158.0
0.0,-194.0,-156.0
0.0,-189.0,-154.0
0.0,-211.0,-150.0
0.0,-229.0,-118.0
0.0,-269.0,-109.0
0.0,-302.0,-114.0
0.0,-334.0,-116.0
0.0,-366.0,-143.0
0.0,-389.0,-151.0
0.0,-411.0,-153.0
0.0,-424.0,-152.0
0.0,-430.0,-152.0
0.0,-419.0,-135.0
0.0,-398.0,-163.0
0.0,-357.0,-122.0
0.0,-337.0,-133.0
0.0,-301.0,-111.0
0.0,-268.0,-109.0
0.0,-253.0,-108.0
0.0,-253.0,-96.0
0.0,-283.0,-88.0
0.0,-333.0,-114.0
0.0,-364.0,-130.0
0.0,-415.0,-125.0
0.0,-440.0,-113.0
0.0,-449.0,-99.0
0.0,-444.0,-81.0
0.0,-440.0,33.0
0.0,-423.0,86.0
0.0,-394.0,106.0
0.0,-363.0,114.0
0.0,-337.0,104.0
0.0,-327.0,94.0
0.0,-299.0,52.0
0.0,-288.0,34.0
0.0,-278.0,18.0
0.0,-272.0,-32.0
0.0,-257.0,-53.0
0.0,-242.0,-76.0
0.0,-232.0,-95.0
0.0,-240.0,-149.0
0.0,-236.0,-158.0
0.0,-230.0,-163.0
0.0,-230.0,-170.0
0.0,-255.0,-160.0
0.0,-289.0,-172.0
0.0,-317.0,-164.0
0.0,-348.0,-163.0
0.0,-387.0,-176.0
0.0,-447.0,-195.0
0.0,-479.0,-206.0
0.0,-498.0,-208.0
0.0,-522.0,-214.0
0.0,-533.0,-216.0
0.0,-548.0,-220.0
0.0,-556.0,-220.0
0.0,-558.0,-220.0
0.0,-546.0,-218.0
0.0,-505.0,-203.0
0.0,-473.0,-195.0
0.0,-447.0,-196.0
0.0,-411.0,-191.0
0.0,-380.0,-175.0
0.0,-357.0,-152.0
0.0,-355.0,-144.0
0.0,-356.0,-103.0
0.0,-365.0,-92.0
0.0,-369.0,-77.0
0.0,-373.0,-48.0
0.0,-372.0,-28.0
0.0,-377.0,-6.0
0.0,-383.0,20.0
0.0,-395.0,36.0
0.0,-405.0,56.0
0.0,-415.0,71.0
0.0,-433.0,110.0
0.0,-432.0,94.0
0.0,-445.0,82.0
0.0,-447.0,54.0
0.0,-441.0,20.0
0.0,-434.0,-34.0
0.0,-431.0,-21.0
0.0,-416.0,-60.0
0.0,-397.0,-30.0
0.0,-387.0,-32.0
0.0,-377.0,-43.0
0.0,-390.0,-103.0
0.0,-365.0,-102.0
0.0,-382.0,-141.0
0.0,-392.0,-98.0
0.0,150.0,-265.0
0.0,124.0,-269.0
0.0,119.0,-270.0
0.0,45.0,12.0
0.0,-455.0,-117.0
0.0,-442.0,-71.0
0.0,-397.0,-26.0
0.0,-380.0,-11.0
0.0,-462.0,-106.0
0.0,-473.0,-148.0
0.0,-383.0,-14.0
0.0,-383.0,-14.0
0.0,-364.0,-18.0
0.0,-363.0,-18.0
0.0,-382.0,-12.0
0.0,-364.0,-18.0
0.0,-359.0,-25.0
0.0,39.0,-230.0
0.0,41.0,-235.0
0.0,43.0,-228.0
0.0,-360.0,-45.0
0.0,-359.0,-45.0
0.0,49.0,-234.0
0.0,49.0,-233.0
0.0,-415.0,-37.0
0.0,-420.0,-38.0
0.0,-449.0,-112.0
0.0,-449.0,-127.0
0.0,-458.0,-131.0
0.0,-467.0,-147.0
0.0,-477.0,-151.0
0.0,-478.0,-159.0
0.0,-478.0,-160.0
0.0,-476.0,-158.0
0.0,-483.0,-106.0
0.0,-477.0,-102.0
0.0,-470.0,-100.0
0.0,-453.0,-102.0
0.0,-437.0,-100.0
0.0,-423.0,-104.0
0.0,-412.0,-110.0
0.0,-454.0,-142.0
0.0,-407.0,-127.0
0.0,-355.0,-117.0
0.0,-408.0,-143.0
0.0,-409.0,-167.0
0.0,-418.0,-178.0
0.0,-422.0,-167.0
0.0,-403.0,-168.0
0.0,-397.0,-201.0
0.0,-422.0,-65.0
0.0,-401.0,-61.0
0.0,-409.0,-19.0
0.0,-407.0,-16.0
0.0,-404.0,6.0
0.0,-412.0,-79.0
0.0,-406.0,-54.0
0.0,-405.0,-37.0
0.0,-405.0,-31.0
0.0,-411.0,-30.0
0.0,-412.0,-9.0
0.0,-417.0,3.0
0.0,-443.0,113.0
0.0,-443.0,121.0
0.0,-447.0,124.0
0.0,-463.0,97.0
0.0,-423.0,-213.0
0.0,-422.0,-224.0
0.0,-443.0,-50.0
0.0,-442.0,-56.0
0.0,-433.0,-59.0
0.0,-399.0,-56.0
0.0,-363.0,-5.0
0.0,-387.0,12.0
0.0,-380.0,7.0
0.0,-373.0,-19.0
0.0,-373.0,-32.0
0.0,-368.0,-41.0
0.0,-344.0,-96.0
0.0,-358.0,-146.0
0.0,-356.0,-158.0
0.0,-357.0,-162.0
0.0,-352.0,-175.0
0.0,-351.0,-183.0
0.0,-343.0,-128.0
0.0,-332.0,-127.0
0.0,-320.0,-124.0
0.0,-312.0,-122.0
0.0,-303.0,-122.0
0.0,-296.0,-122.0
0.0,-281.0,-116.0
0.0,-282.0,-123.0
0.0,-288.0,-87.0
0.0,-285.0,-88.0
0.0,-304.0,-100.0
0.0,-313.0,-126.0
0.0,-382.0,-146.0
0.0,-348.0,-148.0
0.0,-354.0,-131.0
0.0,-365.0,-146.0
0.0,-380.0,-137.0
0.0,-390.0,-136.0
0.0,-394.0,-138.0
0.0,-431.0,-160.0
0.0,-429.0,-151.0
0.0,-380.0,-87.0
0.0,-346.0,-35.0
0.0,-340.0,-33.0
0.0,-353.0,-28.0
0.0,-373.0,-19.0
0.0,-361.0,-27.0
0.0,-361.0,-27.0
0.0,-362.0,-29.0
0.0,-370.0,-20.0
0.0,-357.0,-28.0
0.0,-334.0,-21.0
0.0,-353.0,-26.0
0.0,57.0,-237.0
0.0,-353.0,-25.0
0.0,-331.0,-22.0
0.0,-350.0,-24.0
0.0,-412.0,-145.0
0.0,-411.0,-146.0
0.0,-410.0,-142.0
0.0,-409.0,-144.0
0.0,-412.0,-127.0
0.0,-412.0,-123.0
0.0,-413.0,-121.0
0.0,-371.0,-63.0
0.0,-378.0,-47.0
0.0,-374.0,-35.0
0.0,-344.0,34.0
0.0,-341.0,35.0
0.0,-330.0,39.0
0.0,-362.0,-17.0
0.0,-391.0,-64.0
0.0,-318.0,56.0
0.0,-317.0,63.0
0.0,-316.0,68.0
0.0,-322.0,83.0
0.0,-356.0,33.0
0.0,-332.0,88.0
0.0,-331.0,97.0
0.0,-326.0,107.0
0.0,-341.0,79.0
0.0,-335.0,88.0
0.0,-318.0,123.0
0.0,1.0,-277.0
0.0,-307.0,127.0
0.0,-296.0,112.0
0.0,-280.0,105.0
0.0,-266.0,82.0
0.0,-249.0,84.0
0.0,-236.0,85.0
0.0,-225.0,90.0
0.0,-226.0,86.0
0.0,-244.0,90.0
0.0,-235.0,0.0
0.0,-267.0,168.0
0.0,-308.0,72.0
0.0,-394.0,-5.0
0.0,-406.0,-77.0
0.0,-426.0,-72.0
0.0,-401.0,-43.0
0.0,-411.0,-53.0
0.0,-428.0,-65.0
0.0,-445.0,-77.0
0.0,-459.0,-86.0
0.0,-456.0,-115.0
0.0,-450.0,-123.0
0.0,-436.0,-118.0
0.0,-432.0,-119.0
0.0,-434.0,-152.0
0.0,-438.0,-208.0
0.0,-428.0,-172.0
0.0,-422.0,-191.0
0.0,-419.0,-186.0
0.0,-394.0,-178.0
0.0,-384.0,-205.0
0.0,-367.0,-227.0
0.0,-377.0,-166.0
0.0,-367.0,-120.0
0.0,-369.0,-82.0
0.0,-381.0,-69.0
0.0,-383.0,-50.0
0.0,-397.0,-26.0
0.0,-397.0,-10.0
0.0,-395.0,-1.0
0.0,-391.0,8.0
0.0,-391.0,11.0
0.0,-388.0,27.0
0.0,-392.0,42.0
0.0,-411.0,22.0
0.0,-411.0,17.0
0.0,-421.0,6.0
0.0,-434.0,-50.0
0.0,-438.0,-61.0
0.0,-399.0,13.0
0.0,-446.0,-84.0
0.0,-451.0,-114.0
0.0,-453.0,-134.0
0.0,-455.0,-147.0
0.0,-451.0,-162.0
0.0,-455.0,-171.0
0.0,-436.0,-164.0
0.0,47.0,-35.0
0.0,37.0,-21.0
0.0,63.0,-54.0
0.0,50.0,97.0
0.0,52.0,95.0
0.0,43.0,111.0
0.0,34.0,112.0
0.0,25.0,124.0
0.0,16.0,123.0
0.0,-1.0,131.0
0.0,-6.0,136.0
0.0,-16.0,156.0
0.0,4.0,174.0
0.0,46.0,202.0
0.0,58.0,206.0
0.0,76.0,199.0
0.0,132.0,-134.0
0.0,180.0,32.0
0.0,156.0,217.0
0.0,316.0,-233.0
